message_id,received_at,channel,from_name,body,urgency
m00694,01/06/2026 07:03:00,whatsapp,Barry Hargreaves,"The new thermostat is great thanks, much easier than the old one. Happy to be a fill-in if you get a cancellation. Thanks Barry",
m00825,01/06/2026 07:40:00,whatsapp,Ade Salter,"Morning, What's the earliest you could do a bathroom refit? Looking at October time. The neighbours have a spare key. Thanks Ade",
m00082,01/06/2026 08:28:00,voicemail,Donna O'Neill,yeah hi no hot water since this morning heating seems fine though [inaudible],same_day
m00592,01/06/2026 10:01:00,voicemail,Kirsty Hutchings,oh hello hello we've just bought 152 barrack road and want to get the boiler checked over flat 3 buzzer doesn't work so ring me when you're outside [inaudible] my number is 07080379126,routine
m00656,01/06/2026 10:58:00,whatsapp,Graham Nowak,"Are you VAT registered? Need it for the company books. It's a Vaillant, about 6 years old. Cheers",
m00731,01/06/2026 12:11:00,sms,Terry Fenton,"Afternoon, Thanks for fitting us in last week, appreciated",
m00802,01/06/2026 12:57:00,whatsapp,Neil Hutchings,"Evening, Can you quote for an outside tap and a garden standpipe. Bungalow, single storey.",
m01248,01/06/2026 13:23:00,sms,Kirsty Nkemelu,"Hi, Hi, we're after a quote for underfloor heating in a conservatory Kirsty at 5 Fernhill Close",
m00472,01/06/2026 15:56:00,whatsapp,Kirsty Bright,"Hi, we're after a quote for underfloor heating in a conservatory Thanks",routine
m00774,01/06/2026 16:23:00,whatsapp,Neil Fenton,"We'd like to go ahead with the quote, what's the next step Regards Neil",
m00815,01/06/2026 18:20:00,sms,Steve Hutchings,"Hiya Thanks for fitting us in last week, appreciated. Only noticed it this morning. Many thanks, Steve Hutchings",
m00299,01/06/2026 20:25:00,sms,Terry Brooks,"Morning, Heating is on but the radiators are stone cold upstairs Thanks Terry",
m00104,02/06/2026 07:37:00,whatsapp,Bev Brooks,"Evening, No hot water since this morning, heating seems fine though - Bev",routine
m00211,02/06/2026 08:57:00,whatsapp,Louise Doyle,"Boiler is leaking a small amount of water onto the floor, maybe an egg cup an hour. I'm usually in after 3.",
m00314,02/06/2026 09:47:00,voicemail,Lisa Nowak,yeah hi do you take card payments on the day,
m00301,02/06/2026 10:01:00,whatsapp,Neil Ellery,"There's a slow drip under the kitchen sink, it's filled a bucket overnight",
m01243,02/06/2026 12:34:00,sms,Nathan Fenton,Do you offer any kind of service plan or is it pay as you go,
m00517,02/06/2026 12:37:00,voicemail,Nicola Nkemelu,yeah hi could you price up moving the boiler from the kitchen to the loft,routine
m00023,02/06/2026 12:46:00,sms,Sarah Salter,Strong smell of gas in the cupboard under the stairs. I've turned it off at the meter. Please ring me back,
m00054,02/06/2026 12:59:00,sms,Terry Beckett,"Evening, Shower has gone completely cold, can't use it at all. Any chance of someone today. Access is round the side gate. Thanks",
m00644,02/06/2026 13:20:00,whatsapp,Mo Fenton,"Afternoon, Do you do power flushing? House is 1970s and the rads are never hot at the bottom",
m01142,02/06/2026 13:23:00,whatsapp,Debbie Vine,"Hi, Just checking you got my email about the extension pipework Thanks Debbie",
m00991,02/06/2026 13:48:00,sms,Barry Hargreaves,"Hiya Morning, could you email over the quote again, I can't find it",
m00663,02/06/2026 15:08:00,whatsapp,Lisa Ellery,"Morning, Can you add my new address to your records, we've moved to 180 Cranmore Road Mytchett GU46 7NN. Flat 3, buzzer doesn't work so ring me when you're outside. Lisa at 28 Newtown Road",
m00105,02/06/2026 15:15:00,whatsapp,Jan Kerr,"Hi tehre, Outside tap has split and it's running, I've had to turn teh mains off to stop it Cheers",routine
m01116,02/06/2026 16:03:00,sms,Terry Ellery,"Afternoon, My tenant says the radiator valve is stiff, not urgent, whenever you're passing. It's a Vaillant, about 6 years old. Terry at 36 Fernhill Close postcode is GU46 7NN",
m01393,02/06/2026 16:38:00,whatsapp,Jan Hargreaves,"The certificate you sent has last year's date on it, could you check Regards Jan",
m00534,02/06/2026 17:15:00,voicemail,Graham Salter,yeah hi is there a callout charge if it turns out to be nothing so yeah give me a call back when you can,routine
m00833,02/06/2026 17:20:00,voicemail,Jodie Lomax,um how long does a full system flush usually take [inaudible] [inaudible],
m00196,02/06/2026 17:37:00,sms,Ian Doyle,"Hi, Boiler is leaking a small amount of water onto the floor, maybe an egg cup an hour. It's a Glow-worm, fairly old now. Many thanks, Ian Doyle",same_day
m01274,02/06/2026 19:13:00,sms,Trish Nowak,what are your prices for a standard service these days regards trish,
m01247,02/06/2026 19:55:00,voicemail,Jodie Grady,erm can i pay the invoice by bank transfer rather than card please don't call before 9 i do nights so yeah give me a call back when you can,routine
m00600,03/06/2026 07:08:00,sms,Ian Radcliffe,"Hi, Could you price up moving the boiler from the kitchen to the loft. My husband is usually home by 4. Regards Ian",
m01292,03/06/2026 07:24:00,whatsapp,Sam Salter,"Hiya The certificate you sent has last year's date on it, could you check - Sam",
m00814,03/06/2026 12:11:00,voicemail,Nicola Beckett,hi yeah are you able to service a worcester greenstar or is it only certain makes it's a glow-worm fairly old now [inaudible] so yeah give me a call back when you can,
m00494,03/06/2026 14:05:00,sms,Jodie Vine,"Can I get a duplicate certificate for 164 Brockhurst Way, mine's gone missing. Happy to be a fill-in if you get a cancellation. Regards Jodie",routine
m01198,03/06/2026 14:16:00,whatsapp,Terry Beckett,"Any chance of a Saturday appointment, I can't do weekdays Many thanks, Terry Beckett it's 147 Barrack Road Blackwater",routine
m01040,03/06/2026 15:28:00,whatsapp,Priya Nowak,"Flat 3, buzzer doesn't work so ring me when you're outside. Afternoon, Just checking you got my email about the extension pipework Priya at 147 Elm Grove",
m00366,03/06/2026 15:33:00,voicemail,Neil O'Neill,oh hello hi do you cover church crookham? we're just off the cranmore road [inaudible] so yeah give me a call back when you can,routine
m01229,03/06/2026 16:18:00,voicemail,Ian Ellery,yeah hi do you take card payments on the day it's the one in the loft ok cheers bye,
m00778,03/06/2026 19:07:00,voicemail,Ian Fenton,right are you vat registered? need it for the company books we're in all week apart from wednesday [inaudible],
m00037,03/06/2026 20:29:00,sms,Owen Brooks,"The whole garage is flooding, there's water coming out from under the boiler and I can't find the stopcock Thanks Owen",
m01410,04/06/2026 08:12:00,sms,Fiona Grady,"hi, any update on the quote for the new radiators? no rush fiona at 111 kestrel rise",
m01462,04/06/2026 09:32:00,whatsapp,Terry Fenton,"Evening, Running 20 mins late to teh Mytchett job, traffic on teh A31",
m00912,04/06/2026 11:16:00,voicemail,Kirsty Whitaker,right hello we've just bought 103 southampton road and want to get the boiler checked over there's parking on the drive [inaudible] [inaudible],routine
m00130,04/06/2026 11:44:00,whatsapp,Chloe Kerr,"Hi there, Shower has gone completely cold, can't use it at all. Any chance of someone today Thanks",
m00002,04/06/2026 11:57:00,whatsapp,Sam Bright,"Hello, Boiler is making a loud banging noise and water is coming out the bottom of it, I've switched it off. Worcester Bosch if that helps. Thanks",
m01463,04/06/2026 13:46:00,whatsapp,Ross Kerr,"Afternoon, Boss the part didn't turn up at the merchants, they say Thursday Thanks",
m00084,04/06/2026 13:54:00,sms,Mo Nkemelu,"Been like it a couple of weeks now. Outside tap has split and it's running, I've had to turn the mains off to stop it Thanks",same_day
m00016,04/06/2026 14:10:00,whatsapp,Sarah Nkemelu,"We're both retired so any time works. Hello, Mum is 89 and there is no heating at all, the house is freezing and she's not well. Please can someone come out Thanks",
m00958,04/06/2026 14:13:00,whatsapp,Terry Whitaker,"worcester bosch if that helps. hi, we're after a quote for underfloor heating in a conservatory",
m01441,04/06/2026 15:11:00,whatsapp,Paula Nkemelu,"Same address as last time. Afternoon, Left the keys through the letterbox at Aldershot as agreed Cheers",
m01007,04/06/2026 16:13:00,voicemail,Sam Kerr,right can you send the gas safety certificate for 46 elm grove the letting agent is asking for it bungalow single storey if you could give us a ring back that would be great,
m01278,04/06/2026 16:49:00,sms,Nicola Radcliffe,"Property is a two bed terrace. Hi, Do you take card payments on the day",routine
m00303,04/06/2026 17:06:00,sms,Owen Radcliffe,"Hi there, Waste pipe outside is blocked and it's backing up into the sink",
m00453,04/06/2026 17:29:00,whatsapp,Trish O'Neill,"Hello, Can you send the gas safety certificate for 115 Cobb Close, the letting agent is asking for it Thanks",routine
m01213,04/06/2026 18:43:00,whatsapp,Steve Hutchings,"afternoon, morning, could you email over the quote again, i can't find it cheers",
m00162,04/06/2026 19:53:00,voicemail,Paula Nowak,yeah hi boiler is showing fault code ea i've tried resetting it twice and it comes straight back i've got a baby so mornings are tricky if you could give us a ring back that would be great,
m00914,05/06/2026 07:50:00,voicemail,Graham Hargreaves,erm could you price up moving the boiler from the kitchen to the loft if you could give us a ring back that would be great,
m01183,05/06/2026 08:29:00,sms,Sam Patel,"morning, i've paid the invoice this morning, transfer reference is the invoice number. it's a park home, not sure if that matters. postcode is GU52 8AL",
m01479,05/06/2026 08:33:00,sms,Louise Kerr,"Afternoon, Running 20 mins late to the Sandhurst job, traffic on the A31 - Louise",
m00346,05/06/2026 09:39:00,sms,Priya Whitaker,"Evening, Hi, could I book the annual boiler service please? Any time next week would be fine",routine
m01476,05/06/2026 09:48:00,whatsapp,Bev Grady,"It's the one in the loft. Parked up at the Church Crookham one, starting now Bev at 130 Pinewood Drive",
m00528,05/06/2026 09:59:00,whatsapp,Debbie Patel,"Afternoon, How long does a full system flush usually take",routine
m00300,05/06/2026 11:44:00,whatsapp,Terry Fenton,"Evening, Toilet won't flush at all and it's the only one in the house Cheers",
m01002,05/06/2026 12:01:00,whatsapp,Dave Kerr,"Morning, Please could you confirm the appointment time for Monday, I need to book time off Thanks",routine
m00387,05/06/2026 14:57:00,whatsapp,Ryan Patel,"Morning, Please could you confirm the appointment time for Monday, I need to book time off. Please don't call before 9, I do nights. Many thanks, Ryan Patel",
m00467,05/06/2026 16:11:00,voicemail,Amara Ahmed,yeah hi my tenant says the radiator valve is stiff not urgent whenever you're passing bungalow single storey my number is 01252 973207,
m01330,05/06/2026 16:39:00,whatsapp,Tony O'Neill,"morning, my tenant says the radiator valve is stiff, not urgent, whenever you're passing. bungalow, single storey.",
m01397,05/06/2026 20:46:00,whatsapp,Yvonne Vine,"hello, can you quote for an outside tap and a garden standpipe - yvonne",
m00385,06/06/2026 10:03:00,sms,Nicola Nkemelu,"Morning, could you email over the quote again, I can't find it Many thanks, Nicola Nkemelu",
m00599,06/06/2026 12:14:00,whatsapp,Trish Doyle,"MORNING, WOULD YOU BE ABLE TO LOOK AT AN OLD BAXI OR IS IT TOO FAR GONE TRISH AT 42 SOUTHAMPTON ROAD",
m00287,06/06/2026 14:04:00,whatsapp,Sam Radcliffe,"Hiya Boiler is leaking a small amount of water onto the floor, maybe an egg cup an hour",
m00659,06/06/2026 15:21:00,voicemail,Kirsty Ahmed,right the new thermostat is great thanks much easier than the old one property is a two bed terrace [inaudible] thanks bye,
m00725,06/06/2026 16:43:00,sms,Trish Bright,"The certificate you sent has last year's date on it, could you check",routine
m00571,06/06/2026 18:15:00,whatsapp,Callum Doyle,Do you need someone in the house for the service or can I leave a key Thanks Callum,
m01019,06/06/2026 19:01:00,sms,Priya Nkemelu,"Thanks very much for yesterday, Mo was great, really tidy Cheers ring me on 01252 941373",
m01087,07/06/2026 08:24:00,voicemail,Fiona Nowak,hi yeah do you take card payments on the day [inaudible] so yeah give me a call back when you can,
m00170,07/06/2026 09:24:00,sms,Sam Ellery,"Evening, Boiler is showing fault code E119, I've tried resetting it twice and it comes straight back Thanks Sam",
m00475,07/06/2026 10:32:00,sms,Chloe Salter,"Can I get a duplicate certificate for 26 Queens Road, mine's gone missing",
m00514,07/06/2026 10:38:00,sms,Dave Fenton,We had you out for the same thing in March. Hiya Could you price up moving the boiler from the kitchen to the loft,routine
m01366,07/06/2026 11:57:00,sms,Chloe Kerr,"IT'S A PARK HOME, NOT SURE IF THAT MATTERS. HIYA ANY UPDATE ON THE QUOTE FOR THE NEW RADIATORS? NO RUSH",
m01202,07/06/2026 12:00:00,voicemail,Sarah Kerr,hi yeah thanks for fitting us in last week appreciated same address as last time [inaudible],
m01411,07/06/2026 12:10:00,sms,Lisa Whitaker,"The neighbours have a spare key. Evening, Hello, we've just bought 119 Fernhill Close and want to get the boiler checked over - Lisa",routine
m01281,07/06/2026 12:38:00,whatsapp,Graham Beckett,"The certificate you sent has last year's date on it, could you check Cheers",
m00905,07/06/2026 13:32:00,voicemail,Sarah Beckett,hello there hi could i book the annual boiler service please? any time next week would be fine [inaudible],
m00844,07/06/2026 15:52:00,sms,Barry Whitaker,"Afternoon, What's the earliest you could do a bathroom refit? Looking at October time ring me on 07755111585",
m00965,07/06/2026 16:06:00,sms,Graham Lomax,"Evening, Please can you cancel Wednesday, we're away now. Sorry for the short notice Thanks Graham",routine
m01424,07/06/2026 16:19:00,whatsapp,Sam Grady,"Hi there, Can you send the gas safety certificate for 58 Fernhill Close, the letting agent is asking for it. We're both retired so any time works. Cheers",
m00510,07/06/2026 17:10:00,voicemail,Ian Doyle,hello there please could you confirm the appointment time for monday i need to book time off [inaudible],
m00486,07/06/2026 17:38:00,whatsapp,Marie Brooks,"It's the one in the loft. Hi there, Hi, could I book the annual boiler service please? Any time next week would be fine Thanks",
m01382,08/06/2026 07:08:00,whatsapp,Graham Kerr,It's the one in the loft. Do you offer any kind of service plan or is it pay as you go,
m00156,08/06/2026 10:10:00,sms,Marie Kerr,there's parking on the drive. hiya toilet won't flush at all and it's the only one in the house,
m01099,08/06/2026 10:14:00,whatsapp,Trish Kerr,"New build, about 4 years old. Morning, Is it worth servicing a boiler that's 18 years old or should we replace it Many thanks, Trish Kerr",
m00263,08/06/2026 10:34:00,whatsapp,Kirsty Salter,"Hi, There's a slow drip under the kitchen sink, it's filled a bucket overnight",same_day
m01341,08/06/2026 11:18:00,sms,Jan Fenton,"Hi, Hi, do you cover Ash Vale? We're just off the Barrack Road. System boiler with a cylinder in the airing cupboard. - Jan my numbers 07956 159874",
m01046,08/06/2026 11:28:00,sms,Marie Patel,"Afternoon, Can you quote for an outside tap and a garden standpipe Regards Marie",
m00978,08/06/2026 11:57:00,whatsapp,Sam Kerr,"Morning, Are you VAT registered? Need it for the company books. I'm usually in after 3. Thanks Sam",
m00458,08/06/2026 12:26:00,sms,Donna Bright,"Afternoon, Hello, I'd like to get on your list for a landlord gas safety check, property is 161 Farnborough Road Sandhurst Thanks Donna",
m01348,08/06/2026 12:54:00,sms,Steve Doyle,"Hello, Do you fit unvented cylinders? I'm getting a few quotes in. I work shifts so mornings are easier. Regards Steve",
m01472,08/06/2026 14:28:00,sms,Louise Nowak,"Afternoon, Parked up at the Church Crookham one, starting now Louise at 136 Kestrel Rise",
m00302,08/06/2026 15:14:00,sms,Sam Radcliffe,"loo is running constantly into the pan, been going all night",
m01470,08/06/2026 16:11:00,sms,Jan Vine,"Hi there, Parked up at the Farnborough one, starting now Cheers",
m01318,08/06/2026 16:28:00,whatsapp,Wes Radcliffe,"hello, can you quote for an outside tap and a garden standpipe",
m01182,08/06/2026 16:38:00,whatsapp,Ian O'Neill,"HI THERE, THE NEW THERMOSTAT IS GREAT THANKS, MUCH EASIER THAN THE OLD ONE REGARDS IAN",
m00842,08/06/2026 19:04:00,whatsapp,Lisa Brooks,"Hi, Sorry to be a pain, is the engineer still coming Tuesday morning. Whenever suits you really.",
m00990,08/06/2026 19:12:00,whatsapp,Nathan Brooks,Hiya Are you able to service a Worcester Greenstar or is it only certain makes,
m00011,08/06/2026 20:00:00,sms,Graham Radcliffe,"Strong smell of gas in the cupboard under the stairs. I've turned it off at the meter. Please ring me back. It's a Glow-worm, fairly old now. Thanks ring me on 07802376584",
m00910,08/06/2026 20:46:00,whatsapp,Jan Bright,"Hello, Please could you confirm the appointment time for Monday, I need to book time off Regards Jan",
m01342,09/06/2026 07:34:00,sms,Lisa Ellery,Hiya Just checking you got my email about the extension pipework Thanks ring me on 01252 301608,
m01405,09/06/2026 07:58:00,voicemail,Debbie Salter,erm the new thermostat is great thanks much easier than the old one flat 3 buzzer doesn't work so ring me when you're outside,
m00961,09/06/2026 08:28:00,voicemail,Barry Kerr,yeah hi can i pay the invoice by bank transfer rather than card we're in all week apart from wednesday [inaudible],
m00977,09/06/2026 12:12:00,sms,Ross Brooks,"hi, please could you confirm the appointment time for monday, i need to book time off regards ross",routine
m01225,09/06/2026 13:29:00,whatsapp,Neil Kerr,"Hiya Can you send the gas safety certificate for 167 Southampton Road, the letting agent is asking for it. Property is a two bed terrace. - Neil",
m00292,09/06/2026 14:21:00,whatsapp,Hassan Doyle,"The immersion heater has stopped working, no hot water at all now Thanks Hassan",
m00491,09/06/2026 16:08:00,whatsapp,Kirsty Beckett,Hiya Any update on the quote for the new radiators? No rush - Kirsty,routine
m00681,09/06/2026 16:34:00,sms,Graham Hutchings,"I've paid the invoice this morning, transfer reference is the invoice number. It's an Ideal Logic, installed by yourselves. Many thanks, Graham Hutchings",
m00001,09/06/2026 17:12:00,whatsapp,Yvonne Grady,"Hi there, No heat, no hot water, and I'm a wheelchair user living on my own. It's 6 degrees in here - Yvonne",
m01239,09/06/2026 19:21:00,sms,Amara Vine,Can you quote for an outside tap and a garden standpipe Regards Amara,
m01122,09/06/2026 20:17:00,whatsapp,Priya O'Neill,"No rush at all on this one. Afternoon, Could I have a copy of the receipt for the work in June for my insurance Thanks Priya",
m01381,10/06/2026 07:42:00,sms,Terry Ellery,We had you out for the same thing in March. Hiya How long does a full system flush usually take Thanks,
m00605,10/06/2026 08:27:00,whatsapp,Yvonne Brooks,"Evening, My tenant says the radiator valve is stiff, not urgent, whenever you're passing - Yvonne",
m00462,10/06/2026 09:11:00,sms,Jodie Vine,"Morning, We're thinking about a new boiler next spring, would you come and quote nearer the time Many thanks, Jodie Vine",
m00284,10/06/2026 09:21:00,whatsapp,Amara Doyle,"Shower has gone completely cold, can't use it at all. Any chance of someone today Cheers",
m01147,10/06/2026 09:44:00,voicemail,Graham Vine,yeah hi hi there do you install smart thermostats like nest or hive my number is 01252 601193,
m00426,10/06/2026 10:09:00,sms,Amara Nkemelu,"Hiya Please can you cancel Wednesday, we're away now. Sorry for the short notice. It's a rental, I'm the landlord.",
m01154,10/06/2026 10:26:00,whatsapp,Marie Doyle,can i pay the invoice by bank transfer rather than card regards marie ring me on 07429 807379,
m00849,10/06/2026 11:39:00,voicemail,Lisa Brooks,oh hello are you able to service a worcester greenstar or is it only certain makes thanks bye,
m00282,10/06/2026 13:48:00,whatsapp,Paula Beckett,"Evening, Can't get any heating on, the thermostat is blank, changed the batteries and nothing",
m00115,10/06/2026 15:44:00,whatsapp,Ryan Beckett,"RADIATOR IN THE LANDING IS LEAKING SLOWLY, I'VE GOT A BOWL UNDER IT FOR NOW. HAPPY TO BE A FILL-IN IF YOU GET A CANCELLATION.",
m00718,10/06/2026 16:33:00,sms,Ian Lomax,"Hi there, Could you price up moving the boiler from the kitchen to the loft. I work shifts so mornings are easier. Ian at 155 Kestrel Rise",
m00981,10/06/2026 17:18:00,voicemail,Nicola Hutchings,hi yeah what's the earliest you could do a bathroom refit? looking at october time [inaudible],
m01319,10/06/2026 19:53:00,whatsapp,Ross Bright,"Do you fit unvented cylinders? I'm getting a few quotes in. Three storey townhouse, boiler's on teh top floor.",routine
m01361,10/06/2026 20:38:00,voicemail,Karl Nowak,hello there could you price up moving the boiler from the kitchen to the loft,
m00007,11/06/2026 08:42:00,sms,Steve Ahmed,"Same address as last time. Hello, Smell of gas outside by the meter box, been like it since yesterday but it's much worse today",emergency
m00525,11/06/2026 08:46:00,sms,Lisa Kerr,"We'd like to go ahead with the quote, what's the next step Many thanks, Lisa Kerr",
m01114,11/06/2026 09:27:00,sms,Bev Nowak,"There's a key safe if we're out. Hello, Hello, I'd like to get on your list for a landlord gas safety check, property is 164 Wellington Ave Farnborough Cheers",
m00502,11/06/2026 09:42:00,voicemail,Ian Ahmed,um my tenant says the radiator valve is stiff not urgent whenever you're passing property is a two bed terrace so yeah give me a call back when you can,
m00268,11/06/2026 10:09:00,voicemail,Jodie Nowak,erm boiler keeps cutting out after about ten minutes then i have to reset it,same_day
m00695,11/06/2026 10:33:00,voicemail,Lisa Nkemelu,oh hello thanks for fitting us in last week appreciated been like it a couple of weeks now my number is 07806 996096,routine
m01373,11/06/2026 10:42:00,voicemail,Ross Beckett,oh hello can you quote for an outside tap and a garden standpipe new build about 4 years old [inaudible],
m00988,11/06/2026 11:44:00,whatsapp,Amara Whitaker,How long does a full system flush usually take - Amara,
m00062,11/06/2026 13:22:00,sms,Amara O'Neill,There's a hissing noise coming from the boiler and it smells hot Cheers,
m00213,11/06/2026 14:22:00,whatsapp,Barry Beckett,"Hi there, Radiator in the front room is leaking slowly, I've got a bowl under it for now Barry at 112 Hazel Court",
m00781,11/06/2026 15:02:00,sms,Tony Nowak,"Afternoon, Do you do power flushing? House is 1970s and the rads are never hot at the bottom. No rush at all on this one.",routine
m01216,11/06/2026 15:30:00,sms,Jodie Brooks,"Evening, Could you price up moving the boiler from the kitchen to the loft. New build, about 4 years old. Many thanks, Jodie Brooks",
m00440,11/06/2026 16:40:00,whatsapp,Debbie Grady,"Hi there, Can you move Thursday's appointment to Friday if there's a slot. Happy to be a fill-in if you get a cancellation.",
m00049,11/06/2026 17:24:00,voicemail,Bev Radcliffe,erm heating is on but the radiators are stone cold upstairs,routine
m00954,11/06/2026 17:50:00,whatsapp,Amara Brooks,"Bungalow, single storey. Afternoon, Do you do power flushing? House is 1970s and the rads are never hot at the bottom it's 85 Hazel Court Camberley",routine
m01123,11/06/2026 18:05:00,sms,Owen Beckett,"hi, do you fit unvented cylinders? i'm getting a few quotes in many thanks, owen beckett",
m01309,11/06/2026 20:13:00,whatsapp,Priya Ellery,Hiya Can I pay the invoice by bank transfer rather than card. The stopcock is under the sink. Regards Priya,
m00896,11/06/2026 20:47:00,whatsapp,Donna Bright,"Hiya Hi there, do you install smart thermostats like Nest or Hive. I've got a baby so mornings are tricky. Regards Donna",
m01513,11/06/2026 21:42:00,voicemail,Jan Bright,Me again. yeah hi can you quote for an outside tap and a garden standpipe so yeah give me a call back when you can,
m00679,12/06/2026 07:02:00,sms,Ryan Hargreaves,"Hi there, Do you take card payments on the day. Started yesterday evening.",routine
m00427,12/06/2026 08:34:00,sms,Jan Hutchings,"Afternoon, Is it worth servicing a boiler that's 18 years old or should we replace it Jan at 147 Southampton Road ring me on 01252 962490",
m00801,12/06/2026 10:00:00,whatsapp,Trish Hutchings,"MORNING, HI, WE'RE AFTER A QUOTE FOR UNDERFLOOR HEATING IN A CONSERVATORY MANY THANKS, TRISH HUTCHINGS",routine
m00700,12/06/2026 11:23:00,sms,Karl Doyle,"Hello, How long does a full system flush usually take Regards Karl",routine
m00858,12/06/2026 11:57:00,whatsapp,Karl O'Neill,"Morning, Is it worth servicing a boiler that's 18 years old or should we replace it. New build, about 4 years old. Cheers",
m01497,12/06/2026 12:48:00,sms,Ade Grady,Hiya EMERGENCY notice regarding your vehicle warranty which has now expired Cheers,
m00092,12/06/2026 13:08:00,voicemail,Terry Fenton,right pressure gauge on the boiler is on zero and it won't fire up [inaudible],
m01295,12/06/2026 13:11:00,whatsapp,Neil Radcliffe,"Afternoon, Just wondering if you've had a chance to look at the quote for the bathroom yet. My husband is usually home by 4. - Neil postcode is GU14 6AZ",
m01304,12/06/2026 14:39:00,whatsapp,Ross Lomax,"we'd like to go ahead with the quote, what's the next step - ross",
m01042,12/06/2026 15:41:00,voicemail,Mo O'Neill,erm could i have a copy of the receipt for the work in june for my insurance system boiler with a cylinder in the airing cupboard [inaudible] so yeah give me a call back when you can,
m00224,12/06/2026 16:39:00,whatsapp,Neil Nkemelu,"Morning, Waste pipe outside is blocked and it's backing up into the sink Many thanks, Neil Nkemelu",same_day
m01004,12/06/2026 17:16:00,sms,Amara Kerr,"My tenant says the radiator valve is stiff, not urgent, whenever you're passing. Combi boiler, in the kitchen.",routine
m00840,12/06/2026 17:34:00,sms,Marie Beckett,"Evening, Any chance of a Saturday appointment, I can't do weekdays Regards Marie",routine
m00564,12/06/2026 19:17:00,sms,Karl Radcliffe,"Hi there, do you install smart thermostats like Nest or Hive. Worcester Bosch if that helps. - Karl postcode is GU14 7HD",routine
m00531,12/06/2026 20:38:00,whatsapp,Neil Whitaker,"Morning, Please could you confirm the appointment time for Monday, I need to book time off",
m00204,12/06/2026 20:44:00,whatsapp,Terry Bright,"hi there, there's a slow drip under the kitchen sink, it's filled a bucket overnight",same_day
m00194,12/06/2026 20:51:00,voicemail,Tony Vine,yeah hi boiler is showing fault code c1 i've tried resetting it twice and it comes straight back ok cheers bye,
m00627,13/06/2026 09:11:00,whatsapp,Neil Patel,"We'd like to go ahead with the quote, what's the next step",
m01306,13/06/2026 09:35:00,whatsapp,Gemma Nkemelu,"Hello, Do you fit unvented cylinders? I'm getting a few quotes in",
m01061,13/06/2026 10:08:00,whatsapp,Debbie Hutchings,"Morning, Is it worth servicing a boiler that's 18 years old or should we replace it. Combi boiler, in the kitchen.",
m00014,13/06/2026 10:12:00,sms,Kirsty Fenton,"Hi, No heating and no hot water since last night and I've got a three week old baby in teh house. Ideally before teh weekend if possible. Cheers",emergency
m00855,13/06/2026 11:03:00,whatsapp,Graham Lomax,"Hi there, Just wanted to say the lads did a lovely job on the bathroom, thank you. Oil fired, not gas.",
m01146,13/06/2026 11:05:00,whatsapp,Donna Bright,System boiler with a cylinder in the airing cupboard. Can you move Thursday's appointment to Friday if there's a slot ring me on 01252 778693,
m01137,13/06/2026 11:09:00,whatsapp,Jan Grady,"Can you add my new address to your records, we've moved to 52 Mill Lane Sandhurst GU46 7NN. Same address as last time. Many thanks, Jan Grady",
m01092,13/06/2026 11:24:00,whatsapp,Bev Bright,"Morning, Can you move Thursday's appointment to Friday if there's a slot. I'm usually in after 3. Cheers",
m00237,13/06/2026 12:33:00,sms,Jan Bright,"hello, there's a hissing noise coming from the boiler and it smells hot thanks jan",same_day
m01346,13/06/2026 14:08:00,whatsapp,Trish Bright,"morning, could you email over the quote again, i can't find it",
m00195,13/06/2026 14:10:00,whatsapp,Donna Grady,"EVENING, HEATING IS ON BUT THE RADIATORS ARE STONE COLD UPSTAIRS THANKS",same_day
m01079,13/06/2026 14:51:00,sms,Jodie Beckett,"Evening, Can you send the gas safety certificate for 160 Victoria Street, the letting agent is asking for it Many thanks, Jodie Beckett",
m00344,13/06/2026 15:28:00,voicemail,Hassan Radcliffe,yeah hi hi do you cover blackwater? we're just off the kestrel rise [inaudible] if you could give us a ring back that would be great,
m01450,13/06/2026 15:33:00,whatsapp,Louise Salter,"It's a Vaillant, about 6 years old. Morning, Parked up at the Hartley Wintney one, starting now",
m00132,13/06/2026 18:57:00,voicemail,Neil Patel,hello there waste pipe outside is blocked and it's backing up into the sink,
m01385,13/06/2026 20:15:00,whatsapp,Ross Hargreaves,"AFTERNOON, JUST CHECKING YOU GOT MY EMAIL ABOUT THE EXTENSION PIPEWORK. WE'RE IN ALL WEEK APART FROM WEDNESDAY. ROSS AT 28 VICTORIA STREET my numbers 01252 864149",routine
m00904,14/06/2026 07:17:00,whatsapp,Graham Ellery,"Evening, Morning, could you email over the quote again, I can't find it Graham at 61 Cranmore Road",
m00997,14/06/2026 07:31:00,sms,Terry Hutchings,"Afternoon, Hello, I'd like to get on your list for a landlord gas safety check, property is 114 Wellington Ave Camberley Regards Terry",
m00591,14/06/2026 07:49:00,sms,Priya Whitaker,"Sorry to be a pain, is the engineer still coming Tuesday morning Thanks",
m00404,14/06/2026 08:21:00,sms,Michelle Radcliffe,What are your prices for a standard service these days. No rush at all on this one.,
m01504,14/06/2026 08:28:00,whatsapp,Jan Lomax,"Evening, What are your prices for a standard service these days. Property is a two bed terrace. Thanks",routine
m00699,14/06/2026 08:42:00,voicemail,Owen Fenton,hello there do you do power flushing? house is 1970s and the rads are never hot at the bottom [inaudible] ok cheers bye,
m01270,14/06/2026 11:08:00,voicemail,Owen O'Neill,right just wanted to say the lads did a lovely job on the bathroom thank you access is round the side gate so yeah give me a call back when you can,
m01250,14/06/2026 12:06:00,sms,Ade Beckett,"Hi, Could you price up moving the boiler from the kitchen to the loft",
m01524,14/06/2026 12:23:00,whatsapp,Debbie Hutchings,"Morning, Is it worth servicing a boiler that's 18 years old or should we replace it. Combi boiler, in the kitchen. (sorry to chase)",routine
m01155,14/06/2026 13:58:00,whatsapp,Owen Patel,"Please could you confirm the appointment time for Monday, I need to book time off. There's parking on the drive.",
m00443,14/06/2026 14:27:00,sms,Donna Kerr,"HI THERE, CAN YOU MOVE THURSDAY'S APPOINTMENT TO FRIDAY IF THERE'S A SLOT CHEERS",
m00242,14/06/2026 15:12:00,whatsapp,Donna Radcliffe,"Worcester Bosch if that helps. Afternoon, Pressure gauge on the boiler is on zero and it won't fire up",
m00064,14/06/2026 16:25:00,sms,Yvonne Hargreaves,"Afternoon, Loo is running constantly into the pan, been going all night - Yvonne",
m01478,14/06/2026 17:15:00,sms,Priya Ahmed,"Can you send me the address for this afternoon, it's not on my phone Thanks",
m00832,14/06/2026 17:48:00,whatsapp,Ross Ahmed,"hi there, do you take card payments on the day thanks ross",
m00124,14/06/2026 18:22:00,whatsapp,Ade Doyle,"Hiya Kitchen sink is completely blocked, water won't go anywhere Thanks Ade ring me on 07527216277",same_day
m00869,14/06/2026 19:05:00,whatsapp,Donna Whitaker,"Evening, Are you VAT registered? Need it for the company books Donna at 146 Wellington Ave",routine
m00463,14/06/2026 20:23:00,whatsapp,Ian Nowak,"Hello, we've just bought 54 Fernhill Close and want to get the boiler checked over. I've got a baby so mornings are tricky. Many thanks, Ian Nowak",routine
m00051,15/06/2026 09:27:00,whatsapp,Neil Kerr,"Hi, Boiler keeps cutting out after about ten minutes, then I have to reset it",same_day
m01237,15/06/2026 09:53:00,whatsapp,Hassan Fenton,"SYSTEM BOILER WITH A CYLINDER IN THE AIRING CUPBOARD. I'VE PAID THE INVOICE THIS MORNING, TRANSFER REFERENCE IS THE INVOICE NUMBER REGARDS HASSAN",
m01412,15/06/2026 09:53:00,sms,Dave Beckett,Hiya Invoice 4133 - is that figure including VAT or not Regards Dave,
m00134,15/06/2026 10:10:00,whatsapp,Louise Doyle,"Hi, Boiler is leaking a small amount of water onto the floor, maybe an egg cup an hour. Oil fired, not gas. Many thanks, Louise Doyle",
m01107,15/06/2026 10:27:00,whatsapp,Marie Brooks,"Afternoon, Any update on the quote for the new radiators? No rush Thanks",
m00974,15/06/2026 10:38:00,whatsapp,Chloe Patel,"EVENING, THE NEW THERMOSTAT IS GREAT THANKS, MUCH EASIER THAN THE OLD ONE. THERE'S A KEY SAFE IF WE'RE OUT.",
m00240,15/06/2026 11:42:00,sms,Terry Vine,"Evening, Pressure gauge on the boiler is on zero and it won't fire up Many thanks, Terry Vine",
m00457,15/06/2026 12:19:00,voicemail,Marie Brooks,oh hello the new thermostat is great thanks much easier than the old one ideally before the weekend if possible thanks bye,
m00234,15/06/2026 13:06:00,whatsapp,Ade Radcliffe,"Waste pipe outside is blocked and it's backing up into teh sink Many thanks, Ade Radcliffe",
m01525,15/06/2026 13:21:00,whatsapp,Debbie Hutchings,"Morning, Is it worth servicing a boiler that's 18 years old or should we replace it. Combi boiler, in the kitchen. Thanks",
m01367,15/06/2026 15:00:00,voicemail,Jan Patel,hi yeah hi we're after a quote for underfloor heating in a conservatory if you could give us a ring back that would be great,
m00273,15/06/2026 15:17:00,sms,Chloe Nowak,"Hi there, Kitchen sink is completely blocked, water won't go anywhere Cheers",same_day
m01528,15/06/2026 15:36:00,sms,Amara Vine,"do you take card payments on the day. ideally before the weekend if possible. many thanks, amara vine (sorry to chase)",routine
m00375,15/06/2026 15:42:00,sms,Paula Brooks,"Hiya Hi, we're after a quote for underfloor heating in a conservatory",
m01047,15/06/2026 15:57:00,sms,Callum Nkemelu,"It's an Ideal Logic, installed by yourselves. Hiya Hi, could I book the annual boiler service please? Any time next week would be fine",
m01477,15/06/2026 16:00:00,sms,Danny Hargreaves,"Parked up at the Farnborough one, starting now. My husband is usually home by 4. Thanks",
m00185,15/06/2026 18:14:00,whatsapp,Hassan Fenton,"Afternoon, The immersion heater has stopped working, no hot water at all now. I've got a baby so mornings are tricky.",
m01440,15/06/2026 20:01:00,sms,Dave Bright,Hiya Do you need someone in the house for the service or can I leave a key Dave at 131 Southampton Road postcode is GU52 6PR,
m00357,15/06/2026 20:38:00,voicemail,Ian Patel,right invoice 4070 - is that figure including vat or not [inaudible] thanks bye,routine
m00942,16/06/2026 07:50:00,voicemail,Amara Lomax,um would you be able to look at an old baxi or is it too far gone ok cheers bye,
m00256,16/06/2026 08:46:00,sms,Graham Beckett,"it's a rental, i'm the landlord. evening, can't get any heating on, the thermostat is blank, changed the batteries and nothing many thanks, graham beckett",
m00063,16/06/2026 09:30:00,whatsapp,Ian Patel,"hiya loo is running constantly into the pan, been going all night many thanks, ian patel",
m00111,16/06/2026 10:34:00,whatsapp,Jan Kerr,"Morning, Loo is running constantly into the pan, been going all night",
m00993,16/06/2026 10:54:00,whatsapp,Ade Brooks,"Morning, What are your prices for a standard service these days",
m00632,16/06/2026 11:50:00,voicemail,Graham Hutchings,um we'd like to go ahead with the quote what's the next step thanks bye,
m00477,16/06/2026 11:59:00,sms,Trish Whitaker,"Hi, Just wondering if you've had a chance to look at teh quote for teh bathroom yet",
m00919,16/06/2026 12:53:00,whatsapp,Sarah Whitaker,Invoice 4006 - is that figure including VAT or not,
m00973,16/06/2026 13:04:00,whatsapp,Graham Beckett,"hi there, thanks for fitting us in last week, appreciated. bungalow, single storey. thanks",
m01195,16/06/2026 13:44:00,whatsapp,Callum Whitaker,"Hello, Just wanted to say the lads did a lovely job on the bathroom, thank you Regards Callum",routine
m00289,16/06/2026 13:56:00,whatsapp,Paula Grady,"It's a Glow-worm, fairly old now. Evening, Waste pipe outside is blocked and it's backing up into the sink",
m01529,16/06/2026 15:24:00,sms,Amara Vine,"do you take card payments on the day. ideally before the weekend if possible. many thanks, amara vine Not heard back so trying again.",routine
m00911,16/06/2026 15:33:00,sms,Paula Brooks,"Hello, we've just bought 54 Cranmore Road and want to get the boier checked over. The dog is friendly but he does bark.",routine
m00804,16/06/2026 16:48:00,whatsapp,Terry Salter,"Hiya Thanks very much for yesterday, Wes was great, really tidy. The dog is friendly but he does bark. Many thanks, Terry Salter",routine
m00533,16/06/2026 16:54:00,sms,Paula Doyle,"Hi there, Can I get a duplicate certificate for 103 Brockhurst Way, mine's gone missing Paula at 85 Elm Grove",routine
m00630,16/06/2026 17:10:00,whatsapp,Dave Hutchings,"Hi, Please could you confirm the appointment time for Monday, I need to book time off. It's a rental, I'm the landlord. Cheers",routine
m01076,16/06/2026 17:45:00,voicemail,Dave Doyle,hello there we're thinking about a new boiler next spring would you come and quote nearer the time the stopcock is under the sink [inaudible],routine
m00036,16/06/2026 17:57:00,whatsapp,Jodie Bright,"We're both retired so any time works. Evening, Water is pouring through the hallway ceiling from the bathroom above, I can't get it to stop Thanks Jodie",
m01129,16/06/2026 18:02:00,voicemail,Lisa Ahmed,hi yeah thanks for fitting us in last week appreciated ideally before the weekend if possible,
m01351,16/06/2026 18:35:00,whatsapp,Donna O'Neill,Just wondering if you've had a chance to look at the quote for the bathroom yet Cheers,routine
m00943,16/06/2026 19:27:00,whatsapp,Ian Lomax,"afternoon, do you need someone in the house for the service or can i leave a key",
m01301,17/06/2026 07:09:00,sms,Graham Lomax,"Hi there, Hi, we're after a quote for underfloor heating in a conservatory. New build, about 4 years old. Thanks",
m00433,17/06/2026 09:14:00,sms,Marie Fenton,"it's an ideal logic, installed by yourselves. can i get a duplicate certificate for 132 fernhill close, mine's gone missing ring me on 01252 708403",
m01143,17/06/2026 09:27:00,whatsapp,Graham Salter,"Hi there, Thanks for fitting us in last week, appreciated. It's the end house on the left. - Graham",
m00691,17/06/2026 10:20:00,whatsapp,Dave Brooks,"Afternoon, Can you send the gas safety certificate for 133 Elm Grove, the letting agent is asking for it. Flat 3, buzzer doesn't work so ring me when you're outside. Thanks Dave. Best number for me is 07891 641021, the landline never gets answered",
m01235,17/06/2026 10:58:00,voicemail,Sam Lomax,hi yeah do you fit unvented cylinders? i'm getting a few quotes in [inaudible] thanks bye,
m01465,17/06/2026 13:03:00,sms,Trish Grady,"morning, i'm at 101 wellington ave but there's no one in, been knocking 10 mins cheers",
m01009,17/06/2026 13:17:00,whatsapp,Trish Lomax,"Evening, My tenant says the radiator valve is stiff, not urgent, whenever you're passing",routine
m01530,17/06/2026 14:31:00,sms,Amara Vine,"Sorry, sent this yesterday and heard nothing. do you take card payments on the day. ideally before the weekend if possible. many thanks, amara vine",
m00880,17/06/2026 18:04:00,whatsapp,Terry Vine,"Morning, could you email over the quote again, I can't find it. Bungalow, single storey.",
m01241,17/06/2026 19:12:00,sms,Fiona Vine,"Morning, Hi, could I book the annual boiler service please? Any time next week would be fine. Three storey townhouse, boiler's on the top floor. Regards Fiona",
m00128,17/06/2026 20:16:00,whatsapp,Callum Nowak,"Hi, Outside tap has split and it's running, I've had to turn teh mains off to stop it",
m01021,17/06/2026 20:21:00,sms,Amara O'Neill,"Hiya Just wanted to say the lads did a lovely job on the bathroom, thank you",
m00808,17/06/2026 20:26:00,whatsapp,Ross Kerr,"Hiya Invoice 3927 - is that figure including VAT or not. Please don't call before 9, I do nights.",
m00035,18/06/2026 08:26:00,voicemail,Louise Grady,hello there the whole utility room is flooding there's water coming out from under the boiler and i can't find the stopcock ok cheers bye,
m00586,18/06/2026 10:01:00,voicemail,Nicola Patel,yeah hi is there a callout charge if it turns out to be nothing,
m00493,18/06/2026 10:17:00,whatsapp,Nathan Fenton,"Are you VAT registered? Need it for the company books Many thanks, Nathan Fenton",routine
m01496,18/06/2026 10:33:00,whatsapp,Ade Kerr,"RE: your ENERGY GRANT eligibility - you may qualify for a FREE boiler under teh 2026 scheme. Reply YES. I'm teh tenant, teh landlord said to contact you directly.",routine
m01422,18/06/2026 15:35:00,whatsapp,Hassan Hargreaves,"Hi, Invoice 3924 - is that figure including VAT or not",
m00666,18/06/2026 16:27:00,whatsapp,Yvonne Doyle,"Hi, We're thinking about a new boiler next spring, would you come and quote nearer teh time Yvonne at 142 Cobb Close",
m01022,18/06/2026 17:19:00,voicemail,Bev Salter,yeah hi the certificate you sent has last year's date on it could you check worcester bosch if that helps so yeah give me a call back when you can,
m00386,18/06/2026 18:24:00,whatsapp,Louise Grady,"Evening, Can you send teh gas safety certificate for 92 Mill Lane, teh letting agent is asking for it",
m00437,18/06/2026 18:43:00,whatsapp,Debbie Kerr,"Hi there, Can I get a duplicate certificate for 95 Barrack Road, mine's gone missing Many thanks, Debbie Kerr",routine
m01069,18/06/2026 19:37:00,whatsapp,Chloe Kerr,"Just checking you got my email about teh extension pipework Many thanks, Chloe Kerr",routine
m00122,18/06/2026 20:12:00,whatsapp,Ian Whitaker,"Only noticed it this morning. Hi there, Boiler is leaking a small amount of water onto the floor, maybe an egg cup an hour Thanks",same_day
m00837,19/06/2026 07:25:00,whatsapp,Jodie Patel,Just checking you got my email about the extension pipework. I've got a baby so mornings are tricky. Thanks Jodie,
m00392,19/06/2026 07:45:00,sms,Neil Nkemelu,"Morning, Can I pay the invoice by bank transfer rather than card",
m00720,19/06/2026 08:25:00,sms,Amara Patel,"Afternoon, Would you be able to look at an old Baxi or is it too far gone Thanks",
m00585,19/06/2026 09:26:00,sms,Mo Fenton,"MORNING, WHAT'S THE EARLIEST YOU COULD DO A BATHROOM REFIT? LOOKING AT OCTOBER TIME CHEERS",
m00909,19/06/2026 09:32:00,sms,Louise Ellery,What's the earliest you could do a bathroom refit? Looking at October time - Louise,routine
m01282,19/06/2026 09:55:00,whatsapp,Jodie Hutchings,Hiya What's the earliest you could do a bathroom refit? Looking at October time. There's parking on the drive. Jodie at 171 Hazel Court,routine
m00143,19/06/2026 11:05:00,whatsapp,Fiona Grady,"Hi, Outside tap has split and it's running, I've had to turn the mains off to stop it",
m00906,19/06/2026 11:22:00,whatsapp,Bev Doyle,Is there a callout charge if it turns out to be nothing Bev at 109 Victoria Street,
m01498,19/06/2026 11:23:00,whatsapp,Paula Salter,Hiya RE: your ENERGY GRANT eligibility - you may qualify for a FREE boiler under the 2026 scheme. Reply YES. It's the end house on the left.,
m00819,19/06/2026 11:41:00,whatsapp,Ian Kerr,"Hi there, The new thermostat is great thanks, much easier than the old one Thanks Ian postcode is GU52 8AL",
m00219,19/06/2026 13:47:00,sms,Neil Fenton,"Boiler is showing fault code EA, I've tried resetting it twice and it comes straight back. Three storey townhouse, boiler's on the top floor. Regards Neil",
m00873,19/06/2026 13:55:00,whatsapp,Nathan Ellery,"Evening, Thanks very much for yesterday, Mo was great, really tidy",
m01434,19/06/2026 14:37:00,voicemail,Fiona O'Neill,um hello i'd like to get on your list for a landlord gas safety check property is 50 cranmore road camberley flat 3 buzzer doesn't work so ring me when you're outside,
m00109,19/06/2026 14:48:00,sms,Lisa Kerr,"The cold tap in the bathroom won't turn off properly, it's running quite fast Thanks",
m00938,19/06/2026 17:45:00,whatsapp,Paula Hutchings,What are your prices for a standard service these days,
m00662,19/06/2026 17:49:00,sms,Paula Fenton,"Hi tehre, Just wondering if you've had a chance to look at teh quote for teh bathroom yet Regards Paula",
m00220,19/06/2026 18:38:00,whatsapp,Fiona Radcliffe,"Boiler keeps cutting out after about ten minutes, tehn I have to reset it. The neighbours have a spare key. Many thanks, Fiona Radcliffe",
m01074,19/06/2026 19:33:00,whatsapp,Danny Hutchings,"Morning, The new thermostat is great thanks, much easier than the old one. Combi boiler, in the kitchen. Many thanks, Danny Hutchings",
m01091,19/06/2026 19:34:00,whatsapp,Nathan Vine,"Hello, we've just bought 178 Alexandra Terrace and want to get the boiler checked over. It's the end house on the left. Thanks",
m00022,19/06/2026 20:22:00,sms,Michelle Hutchings,"boiler is making a loud banging noise and water is coming out the bottom of it, i've switched it off cheers",
m00604,19/06/2026 20:30:00,voicemail,Ross Hargreaves,hi yeah do you offer any kind of service plan or is it pay as you go my number is 01252 725480,routine
m00397,19/06/2026 20:39:00,voicemail,Ross Beckett,oh hello we're thinking about a new boiler next spring would you come and quote nearer the time only noticed it this morning [inaudible],routine
m01448,19/06/2026 20:55:00,sms,Ryan Beckett,"Customer at 41 Farnborough Road wants to pay cash, is that ok",
m01006,20/06/2026 07:32:00,sms,Nathan Fenton,Any update on the quote for the new radiators? No rush Thanks Nathan,routine
m00137,20/06/2026 08:19:00,whatsapp,Dave O'Neill,"Hiya Pressure gauge on the boiler is on zero and it won't fire up Many thanks, Dave O'Neill",
m00987,20/06/2026 09:00:00,whatsapp,Ade Fenton,"Hello, Please can you cancel Wednesday, we're away now. Sorry for the short notice. We're in all week apart from Wednesday. Ade at 117 Cobb Close",routine
m00737,20/06/2026 09:23:00,voicemail,Callum Vine,right do you take card payments on the day [inaudible] ok cheers bye,
m01159,20/06/2026 09:29:00,sms,Yvonne Ellery,"We'd like to go ahead with the quote, what's the next step. It's a rental, I'm the landlord. - Yvonne",routine
m01032,20/06/2026 10:34:00,whatsapp,Louise Ellery,"WE'D LIKE TO GO AHEAD WITH THE QUOTE, WHAT'S THE NEXT STEP MANY THANKS, LOUISE ELLERY",
m01234,20/06/2026 11:40:00,sms,Danny Lomax,"Afternoon, Please can you cancel Wednesday, we're away now. Sorry for the short notice. There's a key safe if we're out. Danny at 23 Fernhill Close",
m00044,20/06/2026 12:08:00,sms,Hassan Doyle,"Hot water tank has split, there's water everywhere in the airing cupboard and coming down the stairs",
m00461,20/06/2026 12:17:00,sms,Amara Doyle,"Hello, Please can you cancel Wednesday, we're away now. Sorry for the short notice. It's a Glow-worm, fairly old now. Thanks Amara",
m00799,20/06/2026 12:43:00,voicemail,Donna Grady,oh hello please can you cancel wednesday we're away now sorry for the short notice new build about 4 years old ok cheers bye,
m00727,20/06/2026 12:46:00,whatsapp,Callum Radcliffe,"Thanks very much for yesterday, Danny was great, really tidy",
m00407,20/06/2026 13:23:00,whatsapp,Jodie Grady,"Hi there, Sorry to be a pain, is the engineer still coming Tuesday morning. The neighbours have a spare key.",
m00552,20/06/2026 17:37:00,voicemail,Amara Doyle,hello there do you do power flushing? house is 1970s and the rads are never hot at the bottom it's a vaillant about 6 years old my number is 07234 667872,routine
m01455,20/06/2026 17:48:00,whatsapp,Sarah Kerr,Which job am I on first tomorrow. No rush at all on this one. Sarah at 117 Pinewood Drive,
m00305,20/06/2026 19:55:00,whatsapp,Trish Hargreaves,"We're in all week apart from Wednesday. Hi there, Boiler is showing fault code E119, I've tried resetting it twice and it comes straight back Cheers",
m01433,20/06/2026 20:22:00,voicemail,Jodie Hargreaves,hi yeah can i get a duplicate certificate for 80 barrack road mine's gone missing [inaudible] if you could give us a ring back that would be great,
m00690,21/06/2026 08:21:00,voicemail,Owen Bright,hi yeah hi we're after a quote for underfloor heating in a conservatory [inaudible] [inaudible],
m00636,21/06/2026 08:29:00,whatsapp,Jodie Whitaker,"Afternoon, Do you take card payments on the day Regards Jodie",
m01134,21/06/2026 09:08:00,sms,Jan Ahmed,"What are your prices for a standard service these days. New build, about 4 years old. Thanks Jan",
m01218,21/06/2026 11:50:00,whatsapp,Sam Vine,"We'd like to go ahead with the quote, what's the next step Many thanks, Sam Vine my numbers 01252 454095",routine
m01345,21/06/2026 11:59:00,whatsapp,Michelle Nowak,"IT'S A RENTAL, I'M THE LANDLORD. DO YOU OFFER ANY KIND OF SERVICE PLAN OR IS IT PAY AS YOU GO THANKS",routine
m00578,21/06/2026 13:01:00,voicemail,Ryan Ahmed,right can you move thursday's appointment to friday if there's a slot my number is 07813190168,
m00740,21/06/2026 13:04:00,whatsapp,Fiona Patel,"Hello, Just checking you got my email about the extension pipework. There's a key safe if we're out. Thanks",
m01384,21/06/2026 15:25:00,sms,Karl Hutchings,"Hi tehre, Is tehre a callout charge if it turns out to be nothing. It's a Vaillant, about 6 years old. Thanks",
m01364,21/06/2026 15:42:00,sms,Nathan Radcliffe,"evening, are you vat registered? need it for the company books nathan at 157 alexandra terrace",
m00678,21/06/2026 18:53:00,whatsapp,Ross Whitaker,"Bungalow, single storey. Hi, Can you move Thursday's appointment to Friday if tehre's a slot Thanks",routine
m00766,21/06/2026 19:23:00,sms,Kirsty Grady,Hiya Do you need someone in the house for the service or can I leave a key Thanks,
m00459,21/06/2026 19:37:00,whatsapp,Priya Kerr,"Morning, could you email over the quote again, I can't find it",
m00113,22/06/2026 07:29:00,whatsapp,Marie Salter,"Hi there, Shower has gone completely cold, can't use it at all. Any chance of someone today. Access is round the side gate. Thanks",same_day
m00038,22/06/2026 10:36:00,whatsapp,Ross Radcliffe,"Evening, Hot water tank has split, there's water everywhere in the airing cupboard and coming down the stairs my numbers 07733 589375",emergency
m01298,22/06/2026 14:19:00,whatsapp,Neil Hargreaves,"Hello, I'd like to get on your list for a landlord gas safety check, property is 135 Elm Grove Mytchett Many thanks, Neil Hargreaves",
m00530,22/06/2026 14:50:00,voicemail,Ian Patel,um are you able to service a worcester greenstar or is it only certain makes [inaudible] so yeah give me a call back when you can,
m01112,22/06/2026 14:57:00,whatsapp,Kirsty Kerr,"Morning, Would you be able to look at an old Baxi or is it too far gone Kirsty at 46 Brockhurst Way",
m00673,22/06/2026 15:03:00,sms,Ryan Fenton,"Hi tehre, Is tehre a callout charge if it turns out to be nothing",
m01414,22/06/2026 16:38:00,whatsapp,Sam Grady,"Hello, Please could you confirm the appointment time for Monday, I need to book time off. No rush at all on this one.",
m00589,22/06/2026 17:33:00,whatsapp,Donna Beckett,How long does a full system flush usually take Donna at 56 Barrack Road it's 49 Cobb Close Mytchett,
m01180,22/06/2026 20:38:00,whatsapp,Steve Ahmed,"Evening, What are your prices for a standard service these days",
m00312,22/06/2026 20:51:00,voicemail,Amara Salter,right do you offer any kind of service plan or is it pay as you go i'm usually in after 3 my number is 07226 813819,
m00739,23/06/2026 07:19:00,sms,Kirsty Nkemelu,"Hi, Can I pay the invoice by bank transfer rather than card Cheers",
m00631,23/06/2026 07:48:00,whatsapp,Ryan Hutchings,"Morning, Hello, we've just bought 48 Alexandra Terrace and want to get the boier checked over. Only noticed it this morning. - Ryan",
m00602,23/06/2026 08:52:00,sms,Neil Beckett,"Morning, Hello, I'd like to get on your list for a landlord gas safety check, property is 129 Cobb Close Blackwater postcode is GU17 9BB",
m00019,23/06/2026 09:13:00,sms,Steve Patel,"Hiya I can smell gas in the landing, it's quite strong. I've turned the boiler off and opened the windows. Can someone come today please Cheers",
m00785,23/06/2026 10:26:00,sms,Callum Ahmed,"afternoon, my tenant says the radiator valve is stiff, not urgent, whenever you're passing. it's a glow-worm, fairly old now. many thanks, callum ahmed",
m01073,23/06/2026 13:01:00,whatsapp,Ryan Nowak,"Afternoon, Are you able to service a Worcester Greenstar or is it only certain makes - Ryan",
m01317,23/06/2026 14:42:00,whatsapp,Steve Bright,"Evening, Do you do power flushing? House is 1970s and the rads are never hot at the bottom",
m00850,23/06/2026 15:38:00,whatsapp,Mo Fenton,Just checking you got my email about the extension pipework. Access is round the side gate. Cheers,routine
m00209,23/06/2026 15:46:00,sms,Sam Hutchings,"Hi there, Boiler is leaking a small amount of water onto the floor, maybe an egg cup an hour",
m00613,23/06/2026 15:55:00,voicemail,Owen Lomax,um is it worth servicing a boiler that's 18 years old or should we replace it [inaudible] [inaudible],
m01050,23/06/2026 16:45:00,whatsapp,Bev Bright,"HI THERE, IS IT WORTH SERVICING A BOILER THAT'S 18 YEARS OLD OR SHOULD WE REPLACE IT",
m01461,23/06/2026 17:25:00,whatsapp,Lisa Ellery,"I'm the tenant, the landlord said to contact you directly. Evening, Which job am I on first tomorrow Many thanks, Lisa Ellery",
m00264,23/06/2026 17:30:00,voicemail,Mo Hutchings,oh hello boiler keeps cutting out after about ten minutes then i have to reset it ideally before the weekend if possible [inaudible] thanks bye,
m01285,23/06/2026 18:06:00,sms,Mo Fenton,"Hi, Is it worth servicing a boiler that's 18 years old or should we replace it Cheers ring me on 07605 952920",
m00871,23/06/2026 18:12:00,sms,Callum Kerr,"Could you price up moving the boiler from the kitchen to the loft. It's a rental, I'm the landlord. Many thanks, Callum Kerr",routine
m01438,23/06/2026 19:33:00,sms,Louise Bright,"Morning, Hi, do you cover Sandhurst? We're just off the Victoria Street. We're both retired so any time works. Thanks Louise",routine
m01519,24/06/2026 08:00:00,sms,Neil Beckett,"Sorry, sent this yesterday and heard nothing. Morning, Hello, I'd like to get on your list for a landlord gas safety check, property is 129 Cobb Close Blackwater postcode is GU17 9BB",
m01031,24/06/2026 10:27:00,whatsapp,Ryan Whitaker,"Hi there, My tenant says the radiator valve is stiff, not urgent, whenever you're passing",
m01453,24/06/2026 11:29:00,whatsapp,Jodie Patel,"Evening, Van's making a horrible noise again, might need to swing by the garage Many thanks, Jodie Patel",
m01149,24/06/2026 11:37:00,sms,Louise Salter,"Afternoon, Morning, could you email over the quote again, I can't find it. It's a rental, I'm the landlord.",
m01036,24/06/2026 11:38:00,whatsapp,Neil Ellery,"Evening, Please can you cancel Wednesday, we're away now. Sorry for the short notice. Flat 3, buzzer doesn't work so ring me when you're outside. - Neil",
m00845,24/06/2026 12:41:00,sms,Sarah Patel,Hiya Can you quote for an outside tap and a garden standpipe,routine
m00862,24/06/2026 13:58:00,sms,Priya Hargreaves,"Morning, could you email over the quote again, I can't find it Regards Priya ring me on 07287722647",
m01144,24/06/2026 16:16:00,whatsapp,Sam Brooks,Do you fit unvented cylinders? I'm getting a few quotes in. Been like it a couple of weeks now. Sam at 74 Fernhill Close,
m00236,24/06/2026 20:12:00,whatsapp,Chloe Salter,"Hi there, Heating is on but the radiators are stone cold upstairs Cheers",
m00405,25/06/2026 09:38:00,sms,Fiona Hutchings,"Hello, Hello, I'd like to get on your list for a landlord gas safety check, property is 159 Queens Road Church Crookham Regards Fiona",
m00885,25/06/2026 10:09:00,whatsapp,Steve O'Neill,"Hello, Just wondering if you've had a chance to look at teh quote for teh bathroom yet Thanks Steve",
m00149,25/06/2026 11:32:00,whatsapp,Owen Hutchings,"Hi there, Loo is running constantly into the pan, been going all night. Only noticed it this morning.",
m01539,25/06/2026 11:37:00,whatsapp,Dave Radcliffe,"EVENING, WHAT ARE YOUR PRICES FOR A STANDARD SERVICE THESE DAYS Any news on this?",routine
m01226,25/06/2026 12:57:00,voicemail,Ian Ellery,right could i have a copy of the receipt for the work in june for my insurance i'm usually in after 3 [inaudible],
m01263,25/06/2026 13:02:00,sms,Ross Lomax,"Evening, Are you VAT registered? Need it for the company books Thanks",
m01227,25/06/2026 13:13:00,whatsapp,Ross Vine,"Hello, What's the earliest you could do a bathroom refit? Looking at October time. There's parking on the drive. Thanks Ross",
m01200,25/06/2026 15:16:00,sms,Donna Ahmed,Just wondering if you've had a chance to look at teh quote for teh bathroom yet,
m00512,25/06/2026 16:44:00,whatsapp,Terry O'Neill,"It's the end house on the left. Hiya Please could you confirm the appointment time for Monday, I need to book time off Regards Terry",routine
m01209,25/06/2026 17:53:00,sms,Bev Radcliffe,"morning, we'd like to go ahead with the quote, what's the next step. worcester bosch if that helps. many thanks, bev radcliffe",
m00178,25/06/2026 17:58:00,whatsapp,Wes Radcliffe,"hiya kitchen sink is completely blocked, water won't go anywhere - wes",
m00485,25/06/2026 18:47:00,sms,Gemma Nowak,"AFTERNOON, INVOICE 3938 - IS THAT FIGURE INCLUDING VAT OR NOT",
m00348,25/06/2026 20:05:00,whatsapp,Ian Whitaker,"Evening, What's the earliest you could do a bathroom refit? Looking at October time. It's an Ideal Logic, installed by yourselves.",
m00668,26/06/2026 07:25:00,voicemail,Neil Whitaker,hello there is there a callout charge if it turns out to be nothing [inaudible] my number is 01252 854205,
m01177,26/06/2026 07:32:00,whatsapp,Jan Radcliffe,"CAN YOU ADD MY NEW ADDRESS TO YOUR RECORDS, WE'VE MOVED TO 143 BROCKHURST WAY FARNBOROUGH GU11 3PQ THANKS",routine
m00322,26/06/2026 08:04:00,whatsapp,Ade Hargreaves,"Morning, Hi, could I book the annual boiler service please? Any time next week would be fine Ade at 47 Southampton Road",
m00335,26/06/2026 09:19:00,voicemail,Gemma Ellery,yeah hi could i have a copy of the receipt for the work in june for my insurance my number is 07226 966132,
m01540,26/06/2026 09:37:00,whatsapp,Dave Radcliffe,"Sorry, sent this yesterday and heard nothing. EVENING, WHAT ARE YOUR PRICES FOR A STANDARD SERVICE THESE DAYS",
m01194,26/06/2026 10:30:00,sms,Ian Kerr,"Evening, Just wondering if you've had a chance to look at the quote for the bathroom yet Many thanks, Ian Kerr",
m00089,26/06/2026 10:47:00,sms,Gemma Hargreaves,"Boiler keeps cutting out after about ten minutes, then I have to reset it. Same address as last time. Regards Gemma",
m00560,26/06/2026 11:56:00,whatsapp,Bev Fenton,"Morning, Would you be able to look at an old Baxi or is it too far gone. We're in all week apart from Wednesday. Bev at 46 Newtown Road",routine
m00039,26/06/2026 12:54:00,sms,Yvonne Bright,"Hi there, I can smell gas in the bathroom, it's quite strong. I've turned the boiler off and opened the windows. Can someone come today please. The dog is friendly but he does bark.",
m00144,26/06/2026 14:28:00,sms,Debbie Kerr,Heating is on but the radiators are stone cold upstairs. I work shifts so mornings are easier.,
m01124,26/06/2026 14:39:00,whatsapp,Ian Radcliffe,"Evening, Is tehre a callout charge if it turns out to be nothing. We had you out for teh same thing in March. Ian at 37 Queens Road",routine
m00003,26/06/2026 17:38:00,sms,Callum Grady,"Afternoon, Hot water tank has split, there's water everywhere in the airing cupboard and coming down the stairs Regards Callum",emergency
m00421,26/06/2026 20:00:00,sms,Priya Beckett,"I work shifts so mornings are easier. Hi, Can you add my new address to your records, we've moved to 41 Barrack Road Aldershot GU17 9BB",
m01541,27/06/2026 06:51:00,whatsapp,Dave Radcliffe,"Sorry, sent this yesterday and heard nothing. EVENING, WHAT ARE YOUR PRICES FOR A STANDARD SERVICE THESE DAYS",
m01072,27/06/2026 07:09:00,whatsapp,Kirsty Radcliffe,"HI, HOW LONG DOES A FULL SYSTEM FLUSH USUALLY TAKE. I'M THE TENANT, THE LANDLORD SAID TO CONTACT YOU DIRECTLY. KIRSTY AT 34 VICTORIA STREET",
m01308,27/06/2026 07:51:00,whatsapp,Ade Brooks,Do you offer any kind of service plan or is it pay as you go,
m00293,27/06/2026 08:22:00,whatsapp,Jodie Salter,"Afternoon, The immersion heater has stopped working, no hot water at all now",
m00821,27/06/2026 12:07:00,voicemail,Kirsty Nowak,erm invoice 4121 - is that figure including vat or not so yeah give me a call back when you can,
m00193,27/06/2026 13:14:00,sms,Lisa Doyle,"Hi, Boiler keeps cutting out after about ten minutes, tehn I have to reset it. Bungalow, single storey. Regards Lisa",
m00079,27/06/2026 13:45:00,whatsapp,Lisa Hutchings,"Hi there, Heating is on but the radiators are stone cold upstairs. I'm usually in after 3.",
m00068,27/06/2026 14:25:00,whatsapp,Yvonne Hutchings,Heating is on but the radiators are stone cold upstairs,
m01169,27/06/2026 14:53:00,sms,Danny Fenton,"Hi tehre, Do you do power flushing? House is 1970s and teh rads are never hot at teh bottom. Whenever suits you really. Danny at 125 Cranmore Road",
m00861,27/06/2026 14:59:00,whatsapp,Kirsty Radcliffe,"hello, we've just bought 140 barrack road and want to get the boiler checked over",routine
m00612,27/06/2026 15:13:00,voicemail,Sarah Radcliffe,yeah hi are you able to service a worcester greenstar or is it only certain makes [inaudible] [inaudible],routine
m00503,27/06/2026 15:27:00,whatsapp,Tony Nowak,"Hello, Do you need someone in the house for the service or can I leave a key Cheers",
m00773,27/06/2026 15:43:00,voicemail,Ian Kerr,oh hello do you do power flushing? house is 1970s and the rads are never hot at the bottom it's a vaillant about 6 years old my number is 01252 593858,
m00281,27/06/2026 17:03:00,sms,Callum Whitaker,"Afternoon, Loo is running constantly into the pan, been going all night Callum at 176 Brockhurst Way",
m00402,27/06/2026 17:11:00,voicemail,Marie Brooks,yeah hi would you be able to look at an old baxi or is it too far gone,routine
m01356,27/06/2026 17:24:00,voicemail,Paula Hargreaves,um just wondering if you've had a chance to look at the quote for the bathroom yet,
m00902,27/06/2026 18:07:00,sms,Karl Ellery,"Hi, we're after a quote for underfloor heating in a conservatory. Only noticed it this morning. Cheers",
m01244,27/06/2026 18:16:00,voicemail,Jan O'Neill,erm do you do power flushing? house is 1970s and the rads are never hot at the bottom it's the one in the loft my number is 07223 923611,
m00504,27/06/2026 19:04:00,whatsapp,Ade Whitaker,"We're thinking about a new boiler next spring, would you come and quote nearer the time. Oil fired, not gas. Ade at 49 St Anns Way",
m00622,27/06/2026 19:13:00,whatsapp,Kirsty Lomax,"Afternoon, Do you do power flushing? House is 1970s and the rads are never hot at the bottom",
m00441,27/06/2026 19:39:00,whatsapp,Nathan Ahmed,"Morning, Do you fit unvented cylinders? I'm getting a few quotes in. Three storey townhouse, boiler's on the top floor.",routine
m00097,27/06/2026 20:52:00,whatsapp,Wes Ahmed,"There's a slow drip under the kitchen sink, it's filled a bucket overnight Thanks Wes",
m00945,28/06/2026 07:21:00,whatsapp,Sam Radcliffe,"Morning, Morning, could you email over the quote again, I can't find it Many thanks, Sam Radcliffe",routine
m00073,28/06/2026 10:12:00,whatsapp,Dave Lomax,"Same address as last time. Boiler keeps cutting out after about ten minutes, then I have to reset it Cheers",
m01416,28/06/2026 14:04:00,whatsapp,Hassan Salter,Are you able to service a Worcester Greenstar or is it only certain makes. There's parking on the drive.,
m00743,28/06/2026 14:57:00,sms,Ross Fenton,"Evening, Please can you cancel Wednesday, we're away now. Sorry for the short notice. No rush at all on this one.",
m01130,28/06/2026 16:40:00,whatsapp,Nathan Lomax,"Morning, Is there a callout charge if it turns out to be nothing. Ideally before the weekend if possible.",
m00762,28/06/2026 18:16:00,whatsapp,Danny Ellery,"Morning, Any chance of a Saturday appointment, I can't do weekdays Thanks postcode is GU15 3EE",
m00548,28/06/2026 18:23:00,sms,Nathan Doyle,Could I have a copy of the receipt for the work in June for my insurance Thanks Nathan,routine
m01257,28/06/2026 18:30:00,sms,Paula Brooks,"Hello, Do you take card payments on the day Thanks",
m00933,28/06/2026 18:46:00,whatsapp,Nicola Patel,"Hiya Hi, we're after a quote for underfloor heating in a conservatory postcode is GU11 3PQ",
m00093,28/06/2026 19:08:00,whatsapp,Wes Whitaker,Heating is on but the radiators are stone cold upstairs,same_day
m00667,28/06/2026 19:17:00,sms,Barry Salter,"Can you send the gas safety certificate for 157 Fernhill Close, the letting agent is asking for it Thanks Barry",routine
m00787,28/06/2026 20:52:00,whatsapp,Sam Doyle,"Can you add my new address to your records, we've moved to 94 Hazel Court Mytchett GU11 1SR Many thanks, Sam Doyle",
m00794,29/06/2026 08:10:00,whatsapp,Donna Hargreaves,"Afternoon, Please can you cancel Wednesday, we're away now. Sorry for the short notice Thanks",
m00066,29/06/2026 09:08:00,whatsapp,Tony Whitaker,"hi, loo is running constantly into the pan, been going all night ring me on 07333 694960",
m00969,29/06/2026 09:08:00,voicemail,Hassan Beckett,hello there hi we're after a quote for underfloor heating in a conservatory the neighbours have a spare key,
m00927,29/06/2026 10:40:00,whatsapp,Wes Salter,Do you take card payments on the day,
m00207,29/06/2026 14:10:00,whatsapp,Debbie Patel,"Hello, Kitchen sink is completely blocked, water won't go anywhere",
m01390,29/06/2026 16:40:00,voicemail,Michelle Kerr,oh hello can you add my new address to your records we've moved to 59 mill lane blackwater gu52 6pr whenever suits you really my number is 07189966714,routine
m00784,29/06/2026 16:43:00,sms,Bev Radcliffe,"Invoice 4013 - is that figure including VAT or not. Same address as last time. Many thanks, Bev Radcliffe",
m01152,29/06/2026 18:06:00,whatsapp,Terry Doyle,"Hi, Do you need someone in teh house for teh service or can I leave a key Terry at 75 Southampton Road",
m00645,29/06/2026 18:52:00,whatsapp,Owen Salter,"Evening, Just checking you got my email about the extension pipework",
m01136,29/06/2026 20:49:00,sms,Hassan Fenton,"Morning, Please can you cancel Wednesday, we're away now. Sorry for the short notice. Oil fired, not gas.",
m01538,29/06/2026 21:44:00,sms,Barry Salter,"Can you send the gas safety certificate for 157 Fernhill Close, the letting agent is asking for it Thanks Barry Just chasing this one up",routine
m00304,30/06/2026 10:07:00,whatsapp,Ryan Whitaker,"We're both retired so any time works. Evening, Waste pipe outside is blocked and it's backing up into the sink Regards Ryan",same_day
m01456,30/06/2026 10:57:00,whatsapp,Amara Fenton,"morning, job done at 40 fernhill close, cert uploaded",
m00508,30/06/2026 12:20:00,whatsapp,Debbie Kerr,Do you fit unvented cylinders? I'm getting a few quotes in Regards Debbie,routine
m00422,30/06/2026 14:01:00,whatsapp,Jan Brooks,"Hello, What's the earliest you could do a bathroom refit? Looking at October time. I've got a baby so mornings are tricky. Thanks Jan",
m00956,30/06/2026 14:42:00,whatsapp,Steve Brooks,"Morning, Morning, could you email over the quote again, I can't find it. I'm the tenant, the landlord said to contact you directly. - Steve",
m01439,30/06/2026 15:25:00,voicemail,Barry Beckett,right morning could you email over the quote again i can't find it my number is 07348 737576,routine
m00722,30/06/2026 17:41:00,voicemail,Callum Patel,yeah hi do you fit unvented cylinders? i'm getting a few quotes in it's a vaillant about 6 years old,
m01485,30/06/2026 20:32:00,whatsapp,Louise Nkemelu,"Morning, Finished at Mrs Hargreaves's, heading to the next one now. I've got a baby so mornings are tricky. Cheers",
m00150,01/07/2026 08:55:00,whatsapp,Debbie Lomax,"Evening, Loo is running constantly into the pan, been going all night Thanks",
m00712,01/07/2026 09:36:00,sms,Owen Brooks,"Hiya Hi, do you cover Aldershot? We're just off the Southampton Road. System boiler with a cylinder in the airing cupboard. Many thanks, Owen Brooks",routine
m01080,01/07/2026 09:51:00,sms,Yvonne Whitaker,"Hi there, My tenant says the radiator valve is stiff, not urgent, whenever you're passing Thanks Yvonne",
m00285,01/07/2026 10:02:00,sms,Bev Doyle,"The immersion heater has stopped working, no hot water at all now Bev at 163 Wellington Ave",
m00729,01/07/2026 10:47:00,voicemail,Mo Hargreaves,hi yeah do you do power flushing? house is 1970s and the rads are never hot at the bottom it's the flat above the shop [inaudible] [inaudible],routine
m00520,01/07/2026 11:06:00,voicemail,Jodie Fenton,erm any chance of a saturday appointment i can't do weekdays only noticed it this morning if you could give us a ring back that would be great,
m00492,01/07/2026 13:46:00,sms,Michelle Bright,"hello, could you price up moving the boiler from the kitchen to the loft. there's a key safe if we're out. michelle at 125 pinewood drive",
m00349,01/07/2026 14:07:00,voicemail,Karl Brooks,erm hi could i book the annual boiler service please? any time next week would be fine thanks bye,
m00238,01/07/2026 15:18:00,whatsapp,Wes Patel,"Hello, Heating is on but the radiators are stone cold upstairs. It's a park home, not sure if that matters.",
m00336,01/07/2026 15:23:00,whatsapp,Wes Salter,"EVENING, HI THERE, DO YOU INSTALL SMART THERMOSTATS LIKE NEST OR HIVE. WE'RE BOTH RETIRED SO ANY TIME WORKS. WES AT 27 BROCKHURST WAY",
m01020,01/07/2026 15:50:00,sms,Kirsty Ellery,"Hi there, Could I have a copy of the receipt for the work in June for my insurance. I'm usually in after 3.",
m01296,01/07/2026 15:54:00,whatsapp,Gemma Ellery,"hi, could i book the annual boiler service please? any time next week would be fine. i'm the tenant, the landlord said to contact you directly. regards gemma",routine
m00153,01/07/2026 17:16:00,voicemail,Gemma Patel,yeah hi boiler is leaking a small amount of water onto the floor maybe an egg cup an hour same address as last time my number is 01252 968316,
m01300,01/07/2026 18:57:00,voicemail,Nicola Ellery,erm is it worth servicing a boiler that's 18 years old or should we replace it thanks bye,
m00480,01/07/2026 18:57:00,whatsapp,Yvonne Bright,"It's an Ideal Logic, installed by yourselves. Afternoon, Any update on the quote for the new radiators? No rush Regards Yvonne",
m01102,01/07/2026 19:05:00,sms,Owen Fenton,"Invoice 4170 - is that figure including VAT or not. It's a park home, not sure if that matters.",
m01139,01/07/2026 19:11:00,whatsapp,Hassan Ellery,"Afternoon, Can you add my new address to your records, we've moved to 111 St Anns Way Blackwater GU16 6TJ. Same address as last time.",
m00709,02/07/2026 07:42:00,whatsapp,Ross O'Neill,"hiya hello, i'd like to get on your list for a landlord gas safety check, property is 58 fernhill close church crookham thanks ross",
m01186,02/07/2026 09:07:00,voicemail,Fiona Patel,erm just checking you got my email about the extension pipework [inaudible] my number is 07270243463,
m01221,02/07/2026 10:25:00,whatsapp,Jodie Patel,"Morning, Can I get a duplicate certificate for 171 Fernhill Close, mine's gone missing. We're in all week apart from Wednesday.",
m00582,02/07/2026 11:15:00,sms,Graham Bright,"Hello, we've just bought 7 Elm Grove and want to get the boiler checked over Thanks",
m00192,02/07/2026 12:10:00,whatsapp,Graham Vine,"Hello, Outside tap has split and it's running, I've had to turn the mains off to stop it. New build, about 4 years old.",
m01196,02/07/2026 12:40:00,sms,Ryan Beckett,"Hi, Would you be able to look at an old Baxi or is it too far gone Thanks",
m00103,02/07/2026 15:34:00,sms,Sam Kerr,"Hi there, Toilet won't flush at all and it's the only one in the house Sam at 21 Victoria Street ring me on 07977 336826",
m01313,02/07/2026 16:26:00,whatsapp,Callum Patel,"Whenever suits you really. I've paid the invoice this morning, transfer reference is the invoice number",routine
m00890,02/07/2026 17:04:00,voicemail,Trish Whitaker,right is it worth servicing a boiler that's 18 years old or should we replace it so yeah give me a call back when you can,
m01287,02/07/2026 17:18:00,whatsapp,Michelle Kerr,"Hello, We're thinking about a new boiler next spring, would you come and quote nearer the time. Happy to be a fill-in if you get a cancellation.",
m00511,02/07/2026 19:38:00,whatsapp,Kirsty Whitaker,"The certificate you sent has last year's date on it, could you check. It's the one in the loft. Thanks Kirsty",routine
m01228,02/07/2026 19:54:00,sms,Louise Fenton,"Afternoon, Could you price up moving the boiler from the kitchen to the loft Many thanks, Louise Fenton",routine
m00959,03/07/2026 07:26:00,sms,Kirsty Vine,any update on the quote for the new radiators? no rush,
m01172,03/07/2026 08:54:00,whatsapp,Ade Nkemelu,"Please could you confirm the appointment time for Monday, I need to book time off. I've got a baby so mornings are tricky. Thanks Ade",
m00334,03/07/2026 09:20:00,voicemail,Ross O'Neill,um any update on the quote for the new radiators? no rush [inaudible] my number is 07894097164,
m01332,03/07/2026 10:20:00,sms,Sarah Fenton,COULD YOU PRICE UP MOVING THE BOILER FROM THE KITCHEN TO THE LOFT,
m01024,03/07/2026 10:22:00,whatsapp,Callum Nkemelu,"Morning, Just checking you got my email about the extension pipework. Access is round the side gate. Many thanks, Callum Nkemelu",
m00783,03/07/2026 12:35:00,sms,Ade Nkemelu,"Morning, Any update on the quote for the new radiators? No rush Cheers",
m01055,03/07/2026 15:09:00,sms,Barry O'Neill,"We're in all week apart from Wednesday. Evening, Are you VAT registered? Need it for the company books",
m00200,03/07/2026 16:58:00,whatsapp,Tony Ahmed,"Hello, Can't get any heating on, the thermostat is blank, changed the batteries and nothing. It's the flat above the shop. Regards Tony",
m00483,03/07/2026 17:34:00,voicemail,Nicola Nkemelu,um the new thermostat is great thanks much easier than the old one ok cheers bye,
m00846,03/07/2026 17:54:00,sms,Mo Patel,"Hi there, Just checking you got my email about the extension pipework. No rush at all on this one. Cheers",
m00260,03/07/2026 18:03:00,whatsapp,Paula Ahmed,Pressure gauge on the boiler is on zero and it won't fire up Regards Paula,
m00415,03/07/2026 18:15:00,voicemail,Neil O'Neill,um thanks very much for yesterday wes was great really tidy it's the end house on the left [inaudible],
m00810,03/07/2026 18:34:00,whatsapp,Wes Salter,"Morning, My tenant says the radiator valve is stiff, not urgent, whenever you're passing. Combi boier, in the kitchen. Thanks Wes",
m01484,03/07/2026 19:56:00,whatsapp,Ian Doyle,"My husband is usually home by 4. Can you send me the address for this afternoon, it's not on my phone",
m00329,03/07/2026 20:36:00,sms,Neil Lomax,"Evening, Sorry to be a pain, is teh engineer still coming Tuesday morning Neil at 126 Mill Lane",
m00388,03/07/2026 20:37:00,whatsapp,Wes Beckett,"HELLO, PLEASE COULD YOU CONFIRM THE APPOINTMENT TIME FOR MONDAY, I NEED TO BOOK TIME OFF REGARDS WES. I tried to pay the invoice online but the card wouldn't go through, it's 4111 1111 1111 1111 exp 03/28 sec 419 if you can take it over the phone",
m00797,04/07/2026 07:35:00,whatsapp,Steve Vine,Would you be able to look at an old Baxi or is it too far gone Cheers,
m00324,04/07/2026 08:00:00,voicemail,Jan Whitaker,hi yeah would you be able to look at an old baxi or is it too far gone ok cheers bye,routine
m00874,04/07/2026 08:04:00,sms,Gemma Bright,"It's a Vaillant, about 6 years old. Hi there, Please can you cancel Wednesday, we're away now. Sorry for the short notice Many thanks, Gemma Bright",
m00261,04/07/2026 09:54:00,voicemail,Trish Ahmed,hi yeah shower has gone completely cold can't use it at all any chance of someone today so yeah give me a call back when you can,same_day
m00734,04/07/2026 10:59:00,sms,Louise Hargreaves,What's the earliest you could do a bathroom refit? Looking at October time Louise at 55 Farnborough Road,
m00455,04/07/2026 11:58:00,whatsapp,Gemma Patel,"Hello, Any update on the quote for the new radiators? No rush. There's parking on the drive.",
m00050,04/07/2026 13:43:00,voicemail,Debbie Brooks,hello there there's a hissing noise coming from the boiler and it smells hot happy to be a fill-in if you get a cancellation ok cheers bye,
m00803,04/07/2026 13:52:00,whatsapp,Ade Hutchings,"morning, just checking you got my email about the extension pipework many thanks, ade hutchings",
m01549,04/07/2026 15:15:00,whatsapp,Graham Vine,"Me again. Hello, Outside tap has split and it's running, I've had to turn the mains off to stop it. New build, about 4 years old.",
m00574,04/07/2026 17:24:00,sms,Karl Hargreaves,"Hi there, Can you move Thursday's appointment to Friday if there's a slot. Access is round the side gate.",
m00424,04/07/2026 17:25:00,sms,Callum Radcliffe,"MORNING, I'VE PAID THE INVOICE THIS MORNING, TRANSFER REFERENCE IS THE INVOICE NUMBER",
m01187,04/07/2026 17:30:00,sms,Jodie Patel,Can you quote for an outside tap and a garden standpipe Regards Jodie,
m00398,04/07/2026 18:30:00,whatsapp,Fiona Hargreaves,Do you offer any kind of service plan or is it pay as you go Cheers,
m00390,04/07/2026 18:38:00,whatsapp,Donna Grady,"Hi there, Hello, I'd like to get on your list for a landlord gas safety check, property is 43 Barrack Road Ash Vale Regards Donna",
m00478,04/07/2026 18:51:00,sms,Wes Salter,"Just wanted to say the lads did a lovely job on the bathroom, thank you. No rush at all on this one. Thanks it's 121 Cobb Close Mytchett",
m00661,04/07/2026 18:55:00,whatsapp,Graham Nowak,"Bungalow, single storey. Afternoon, Would you be able to look at an old Baxi or is it too far gone Regards Graham",routine
m00169,04/07/2026 19:20:00,whatsapp,Sarah Hargreaves,"Ideally before the weekend if possible. Hi, Kitchen sink is completely blocked, water won't go anywhere my numbers 07050660604",
m01271,04/07/2026 20:48:00,sms,Ade Brooks,"Afternoon, Any update on the quote for the new radiators? No rush",
m00138,04/07/2026 20:58:00,whatsapp,Priya Whitaker,"It's a rental, I'm the landlord. Evening, Loo is running constantly into the pan, been going all night",
m00996,05/07/2026 08:34:00,sms,Amara Vine,"My tenant says the radiator valve is stiff, not urgent, whenever you're passing. It's a park home, not sure if that matters.",
m00866,05/07/2026 09:23:00,voicemail,Sarah Nowak,oh hello hi could i book the annual boiler service please? any time next week would be fine,
m01252,05/07/2026 09:27:00,sms,Chloe Lomax,"Hiya My tenant says the radiator valve is stiff, not urgent, whenever you're passing. Same address as last time. Chloe at 149 Victoria Street",routine
m01051,05/07/2026 09:43:00,whatsapp,Graham Brooks,"Hi there, I've paid the invoice this morning, transfer reference is the invoice number. Property is a two bed terrace. Cheers",
m01260,05/07/2026 10:33:00,sms,Sarah Hutchings,"Can you add my new address to your records, we've moved to 38 Newtown Road Sandhurst GU47 0DP Thanks",
m01315,05/07/2026 10:53:00,sms,Karl Nkemelu,"Hi, Just wanted to say the lads did a lovely job on the bathroom, thank you. Ideally before the weekend if possible.",
m01095,05/07/2026 11:12:00,whatsapp,Ade Lomax,"Please could you confirm the appointment time for Monday, I need to book time off Many thanks, Ade Lomax",routine
m01550,05/07/2026 11:29:00,whatsapp,Graham Vine,"Sorry, sent this yesterday and heard nothing. Hello, Outside tap has split and it's running, I've had to turn the mains off to stop it. New build, about 4 years old.",
m01028,05/07/2026 11:50:00,sms,Callum Brooks,CAN YOU QUOTE FOR AN OUTSIDE TAP AND A GARDEN STANDPIPE,
m01013,05/07/2026 12:04:00,sms,Jodie Fenton,"Hi there, Do you fit unvented cylinders? I'm getting a few quotes in Many thanks, Jodie Fenton",routine
m00744,05/07/2026 12:05:00,sms,Kirsty Salter,"Any update on the quote for the new radiators? No rush. Only noticed it this morning. Many thanks, Kirsty Salter",routine
m01145,05/07/2026 12:07:00,whatsapp,Mo Salter,"evening, any update on the quote for the new radiators? no rush",
m00004,05/07/2026 12:44:00,voicemail,Ross Hargreaves,um smell of gas outside by the meter box been like it since yesterday but it's much worse today bungalow single storey [inaudible] [inaudible],emergency
m00080,05/07/2026 14:08:00,sms,Amara Nkemelu,"The cold tap in the bathroom won't turn off properly, it's running quite fast Amara at 63 Southampton Road",routine
m00291,05/07/2026 14:25:00,sms,Nicola Radcliffe,"afternoon, shower has gone completely cold, can't use it at all. any chance of someone today. it's a rental, i'm the landlord.",
m01359,05/07/2026 14:46:00,sms,Barry Brooks,"Hello, Can you add my new address to your records, we've moved to 85 Wellington Ave Farnborough GU47 0DP. My husband is usually home by 4.",
m01499,05/07/2026 14:57:00,whatsapp,Marie Kerr,"Hello, I am a supplier of quality plumbing fittings from Shenzhen, we offer very good price, please contact. No rush at all on this one. Thanks",
m00257,05/07/2026 15:19:00,sms,Wes Patel,"Afternoon, Pressure gauge on teh boiler is on zero and it won't fire up - Wes",same_day
m01120,05/07/2026 15:54:00,whatsapp,Steve Ahmed,"Combi boiler, in the kitchen. Hi there, Can you add my new address to your records, we've moved to 104 Southampton Road Yateley GU17 9BB",
m01279,05/07/2026 16:53:00,whatsapp,Priya Beckett,"Evening, Could I have a copy of the receipt for the work in June for my insurance. Please don't call before 9, I do nights. Priya at 40 Cobb Close",routine
m01054,05/07/2026 17:28:00,whatsapp,Nathan Whitaker,Just wondering if you've had a chance to look at the quote for the bathroom yet. There's a key safe if we're out. Thanks it's 27 Farnborough Road Sandhurst,routine
m00394,05/07/2026 17:35:00,whatsapp,Debbie Ahmed,"Afternoon, The certificate you sent has last year's date on it, could you check",
m00601,05/07/2026 19:02:00,sms,Jodie Patel,"Hi there, Would you be able to look at an old Baxi or is it too far gone. I've got a baby so mornings are tricky. Many thanks, Jodie Patel",routine
m00542,05/07/2026 20:30:00,voicemail,Ade Ahmed,erm just wondering if you've had a chance to look at the quote for the bathroom yet if you could give us a ring back that would be great,
m00060,06/07/2026 07:12:00,whatsapp,Terry Kerr,"hi, waste pipe outside is blocked and it's backing up into teh sink. happy to be a fill-in if you get a cancellation.",
m00313,06/07/2026 07:18:00,whatsapp,Dave O'Neill,"hi, could i have a copy of the receipt for the work in june for my insurance thanks dave",
m00957,06/07/2026 07:23:00,sms,Trish Ellery,"WE'D LIKE TO GO AHEAD WITH THE QUOTE, WHAT'S THE NEXT STEP MANY THANKS, TRISH ELLERY",
m00145,06/07/2026 07:31:00,voicemail,Barry Ellery,yeah hi pressure gauge on the boiler is on zero and it won't fire up please don't call before 9 i do nights so yeah give me a call back when you can,
m00147,06/07/2026 08:05:00,sms,Ryan Grady,"Hiya Outside tap has split and it's running, I've had to turn teh mains off to stop it. Whenever suits you really. Thanks",
m00771,06/07/2026 09:40:00,whatsapp,Nicola Brooks,Just checking you got my email about the extension pipework,
m01500,06/07/2026 10:32:00,whatsapp,Louise Ellery,"Hello, EMERGENCY notice regarding your vehicle warranty which has now expired. Three storey townhouse, boiler's on the top floor.",routine
m00886,06/07/2026 12:03:00,whatsapp,Ryan Patel,"Hello, Hi, we're after a quote for underfloor heating in a conservatory Many thanks, Ryan Patel",
m00763,06/07/2026 13:25:00,whatsapp,Michelle Vine,Would you be able to look at an old Baxi or is it too far gone Thanks,routine
m01090,06/07/2026 15:20:00,whatsapp,Donna Nkemelu,"Afternoon, Hi, do you cover Ash Vale? We're just off teh Victoria Street. No rush at all on this one.",
m01205,06/07/2026 17:21:00,sms,Louise Ahmed,"can you send the gas safety certificate for 48 elm grove, the letting agent is asking for it. i've got a baby so mornings are tricky. many thanks, louise ahmed",routine
m00235,06/07/2026 17:27:00,sms,Callum Radcliffe,"hello, shower has gone completely cold, can't use it at all. any chance of someone today regards callum",
m00499,06/07/2026 18:18:00,whatsapp,Amara O'Neill,"Hi, Could I have a copy of the receipt for the work in June for my insurance",
m00754,06/07/2026 19:54:00,sms,Sarah Hutchings,"We're in all week apart from Wednesday. Morning, Thanks for fitting us in last week, appreciated",routine
m00641,07/07/2026 07:05:00,whatsapp,Ian Radcliffe,"The certificate you sent has last year's date on it, could you check Ian at 64 Barrack Road",
m00838,07/07/2026 07:23:00,voicemail,Neil Kerr,hello there do you do power flushing? house is 1970s and the rads are never hot at the bottom thanks bye,
m01206,07/07/2026 10:13:00,whatsapp,Chloe Vine,"Hi, Hi there, do you install smart thermostats like Nest or Hive. It's the one in the loft. Many thanks, Chloe Vine",
m01329,07/07/2026 12:25:00,whatsapp,Ryan O'Neill,"Can you add my new address to your records, we've moved to 173 Kestrel Rise Sandhurst GU52 8AL. I'm the tenant, the landlord said to contact you directly. - Ryan",
m00985,07/07/2026 13:22:00,whatsapp,Gemma Nkemelu,"Morning, Can you send the gas safety certificate for 153 Fernhill Close, the letting agent is asking for it. Only noticed it this morning.",
m01423,07/07/2026 14:21:00,whatsapp,Ade Ahmed,Do you offer any kind of service plan or is it pay as you go,routine
m01014,07/07/2026 14:23:00,whatsapp,Wes Nkemelu,Do you take card payments on the day. Property is a two bed terrace.,
m01011,07/07/2026 15:09:00,whatsapp,Yvonne Whitaker,"Hiya Just wondering if you've had a chance to look at the quote for the bathroom yet. Oil fired, not gas. Thanks",
m00816,07/07/2026 16:17:00,sms,Nicola Hutchings,Can you quote for an outside tap and a garden standpipe - Nicola,
m00671,07/07/2026 16:51:00,whatsapp,Amara Hutchings,"Morning, Hello, we've just bought 169 Newtown Road and want to get the boiler checked over. The neighbours have a spare key.",
m00669,07/07/2026 20:44:00,sms,Louise Beckett,"Hiya Can you add my new address to your records, we've moved to 106 Mill Lane Farnborough GU47 0DP Many thanks, Louise Beckett",
m01165,07/07/2026 20:59:00,voicemail,Jan Patel,yeah hi hi do you cover yateley? we're just off the southampton road [inaudible],
m00769,08/07/2026 08:45:00,voicemail,Ross O'Neill,yeah hi can i get a duplicate certificate for 43 farnborough road mine's gone missing i'm the tenant the landlord said to contact you directly so yeah give me a call back when you can,routine
m00672,08/07/2026 09:56:00,sms,Louise Doyle,"Afternoon, Could you price up moving the boiler from the kitchen to the loft Cheers",
m00498,08/07/2026 10:58:00,whatsapp,Tony Hutchings,Can you move Thursday's appointment to Friday if there's a slot,routine
m00922,08/07/2026 11:13:00,sms,Paula Bright,"Hello, Hi, could I book the annual boiler service please? Any time next week would be fine - Paula postcode is GU16 6TJ",routine
m01379,08/07/2026 11:30:00,sms,Lisa Ahmed,"Afternoon, Hello, we've just bought 133 Hazel Court and want to get the boiler checked over. The stopcock is under the sink.",
m01283,08/07/2026 11:40:00,whatsapp,Ade O'Neill,"Evening, Thanks very much for yesterday, Danny was great, really tidy Thanks",
m00090,08/07/2026 11:49:00,sms,Amara O'Neill,"Hi there, Toilet won't flush at all and it's the only one in the house",
m00380,08/07/2026 12:56:00,whatsapp,Louise Bright,"Afternoon, My tenant says teh radiator valve is stiff, not urgent, whenever you're passing. Same address as last time. Regards Louise",
m00214,08/07/2026 13:17:00,whatsapp,Kirsty Whitaker,"Boiler is showing fault code EA, I've tried resetting it twice and it comes straight back Regards Kirsty",
m01446,08/07/2026 14:23:00,whatsapp,Hassan Hutchings,"Evening, Ill today mate, been up all night with it. Sorry",
m00159,08/07/2026 15:20:00,sms,Michelle Ellery,"Hi there, Loo is running constantly into the pan, been going all night",
m00529,08/07/2026 15:41:00,sms,Callum Ahmed,"Hi there, Hi, could I book the annual boiler service please? Any time next week would be fine Callum at 15 Cranmore Road",routine
m00265,08/07/2026 16:03:00,voicemail,Steve Bright,hi yeah boiler is showing fault code f28 i've tried resetting it twice and it comes straight back it's a glow-worm fairly old now ok cheers bye,
m01077,08/07/2026 16:24:00,whatsapp,Bev Kerr,"evening, are you able to service a worcester greenstar or is it only certain makes regards bev",
m01372,08/07/2026 16:27:00,whatsapp,Fiona Nowak,"Afternoon, We're thinking about a new boiler next spring, would you come and quote nearer the time. We had you out for the same thing in March. Fiona at 85 St Anns Way",
m00269,08/07/2026 17:44:00,sms,Paula Whitaker,"Morning, Toilet won't flush at all and it's the only one in the house. The dog is friendly but he does bark.",
m00309,08/07/2026 17:49:00,voicemail,Ian Ahmed,um there's a hissing noise coming from the boiler and it smells hot thanks bye,
m00365,08/07/2026 17:57:00,sms,Amara Ellery,"There's a key safe if we're out. Morning, could you email over the quote again, I can't find it",
m01457,08/07/2026 17:57:00,whatsapp,Callum Grady,"Morning, Customer at 26 Newtown Road wants to pay cash, is that ok",
m00839,08/07/2026 18:59:00,sms,Debbie Radcliffe,Invoice 4050 - is that figure including VAT or not,routine
m01545,08/07/2026 20:11:00,whatsapp,Amara Hutchings,"Sorry, sent this yesterday and heard nothing. Morning, Hello, we've just bought 169 Newtown Road and want to get the boiler checked over. The neighbours have a spare key.",
m01369,09/07/2026 07:32:00,whatsapp,Trish Nowak,Hiya Could you price up moving the boiler from the kitchen to the loft Thanks Trish ring me on 07445451888,
m00258,09/07/2026 07:44:00,sms,Ade Kerr,Hiya Waste pipe outside is blocked and it's backing up into the sink Ade at 59 Wellington Ave,
m00326,09/07/2026 07:53:00,whatsapp,Paula Kerr,"MORNING, COULD YOU EMAIL OVER THE QUOTE AGAIN, I CAN'T FIND IT CHEERS",
m01418,09/07/2026 08:27:00,whatsapp,Chloe Kerr,"Morning, Any chance of a Saturday appointment, I can't do weekdays Chloe at 93 Newtown Road",
m00741,09/07/2026 09:08:00,whatsapp,Nathan Grady,"Hi, Can you send the gas safety certificate for 72 Alexandra Terrace, the letting agent is asking for it Thanks Nathan",routine
m00800,09/07/2026 09:50:00,whatsapp,Michelle Hargreaves,"Thanks for fitting us in last week, appreciated. Same address as last time. Regards Michelle",
m00767,09/07/2026 10:26:00,voicemail,Tony Nkemelu,"hello there is there a callout charge if it turns out to be nothing ok cheers bye. The tenant is Miss Ahmed, her number is 07451 411181, please deal with her directly",
m00218,09/07/2026 10:40:00,sms,Trish Vine,"Afternoon, Waste pipe outside is blocked and it's backing up into the sink. It's a rental, I'm the landlord. Many thanks, Trish Vine",
m00569,09/07/2026 10:51:00,voicemail,Graham Kerr,hi yeah can i pay the invoice by bank transfer rather than card it's a park home not sure if that matters ok cheers bye,
m01368,09/07/2026 11:23:00,sms,Kirsty Fenton,"System boiler with a cylinder in the airing cupboard. Evening, Can I get a duplicate certificate for 160 St Anns Way, mine's gone missing - Kirsty my numbers 07813 293669",
m01551,09/07/2026 12:01:00,whatsapp,Ross Hutchings,"Evening, There's a hissing noise coming from the boiler and it smells hot. Worcester Bosch if that helps. Cheers (sorry to chase)",
m01536,09/07/2026 12:03:00,voicemail,Ross O'Neill,yeah hi can i get a duplicate certificate for 43 farnborough road mine's gone missing i'm the tenant the landlord said to contact you directly so yeah give me a call back when you can Any news on this?,
m00655,09/07/2026 12:03:00,sms,Hassan O'Neill,"Hello, Hi there, do you install smart thermostats like Nest or Hive. Ideally before the weekend if possible. - Hassan",
m01365,09/07/2026 14:00:00,whatsapp,Marie Ahmed,Is there a callout charge if it turns out to be nothing,
m01111,09/07/2026 14:05:00,sms,Wes Beckett,Can you move Thursday's appointment to Friday if there's a slot postcode is GU52 8AL,
m00820,09/07/2026 14:11:00,sms,Barry Vine,"Hiya Can you add my new address to your records, we've moved to 120 Brockhurst Way Aldershot GU51 2BX. It's the flat above the shop.",
m00836,09/07/2026 14:35:00,sms,Chloe Ahmed,"EVENING, THE CERTIFICATE YOU SENT HAS LAST YEAR'S DATE ON IT, COULD YOU CHECK. I'VE GOT A BABY SO MORNINGS ARE TRICKY. THANKS CHLOE",
m00711,09/07/2026 15:05:00,sms,Ade Radcliffe,"Combi boiler, in the kitchen. Morning, Just wondering if you've had a chance to look at the quote for the bathroom yet Cheers",routine
m00719,09/07/2026 15:48:00,sms,Barry Grady,"Evening, Can you quote for an outside tap and a garden standpipe. It's a Vaillant, about 6 years old. Barry at 46 St Anns Way",
m00939,09/07/2026 16:11:00,whatsapp,Ryan Ahmed,"Hiya Sorry to be a pain, is the engineer still coming Tuesday morning. The stopcock is under the sink. Thanks",routine
m00692,09/07/2026 16:21:00,whatsapp,Donna Nkemelu,"Hi there, Would you be able to look at an old Baxi or is it too far gone",
m01546,09/07/2026 18:57:00,whatsapp,Amara Hutchings,"Following up on this - Morning, Hello, we've just bought 169 Newtown Road and want to get the boiler checked over. The neighbours have a spare key.",
m00197,09/07/2026 18:57:00,sms,Trish Doyle,"Combi boiler, in the kitchen. Morning, Kitchen sink is completely blocked, water won't go anywhere Thanks Trish",
m00464,09/07/2026 19:09:00,whatsapp,Dave O'Neill,"Hi, Do you do power flushing? House is 1970s and the rads are never hot at the bottom",
m00950,09/07/2026 19:17:00,sms,Louise Doyle,Hiya Do you offer any kind of service plan or is it pay as you go,
m00708,10/07/2026 08:12:00,sms,Dave Ellery,Hiya Could I have a copy of the receipt for the work in June for my insurance,
m00626,10/07/2026 10:01:00,sms,Ian Hargreaves,Invoice 4007 - is that figure including VAT or not,
m00262,10/07/2026 10:34:00,sms,Jan Bright,"please don't call before 9, i do nights. evening, no hot water since this morning, heating seems fine though thanks jan",
m00792,10/07/2026 10:45:00,whatsapp,Ryan Whitaker,"Hi, Hello, we've just bought 119 Mill Lane and want to get the boiler checked over. It's an Ideal Logic, installed by yourselves. Thanks Ryan",routine
m00468,10/07/2026 10:50:00,voicemail,Michelle Radcliffe,erm can you add my new address to your records we've moved to 134 kestrel rise hartley wintney gu17 9bb [inaudible] so yeah give me a call back when you can,routine
m00562,10/07/2026 12:09:00,whatsapp,Mo Ellery,Any update on the quote for the new radiators? No rush. There's parking on the drive.,
m01127,10/07/2026 12:19:00,sms,Chloe Radcliffe,"Afternoon, We'd like to go ahead with the quote, what's the next step. We had you out for the same thing in March. - Chloe ring me on 01252 353678",
m00288,10/07/2026 13:57:00,voicemail,Amara Vine,right there's a slow drip under the kitchen sink it's filled a bucket overnight ok cheers bye,
m01552,10/07/2026 14:11:00,whatsapp,Ross Hutchings,"Evening, There's a hissing noise coming from the boiler and it smells hot. Worcester Bosch if that helps. Cheers Just chasing this one up",
m00565,10/07/2026 14:34:00,voicemail,Yvonne Patel,"oh hello just checking you got my email about the extension pipework there's parking on the drive [inaudible]. Account details for the transfer please, mine are 20-45-77 60119284",routine
m01547,10/07/2026 15:15:00,whatsapp,Amara Hutchings,"Sorry, sent this yesterday and heard nothing. Morning, Hello, we've just bought 169 Newtown Road and want to get the boiler checked over. The neighbours have a spare key.",
m01164,10/07/2026 16:08:00,voicemail,Bev Fenton,yeah hi can i pay the invoice by bank transfer rather than card ok cheers bye,
m00675,10/07/2026 17:11:00,voicemail,Donna Bright,erm any update on the quote for the new radiators? no rush [inaudible],
m00881,10/07/2026 17:27:00,sms,Trish Lomax,"Can you add my new address to your records, we've moved to 105 Farnborough Road Aldershot GU15 3EE. New build, about 4 years old.",
m01217,10/07/2026 17:47:00,sms,Wes Ahmed,"Morning, Please can you cancel Wednesday, we're away now. Sorry for the short notice",
m00297,10/07/2026 17:57:00,whatsapp,Neil Hargreaves,"The immersion heater has stopped working, no hot water at all now Thanks",
m00210,10/07/2026 17:59:00,voicemail,Terry Whitaker,hello there radiator in the garage is leaking slowly i've got a bowl under it for now my number is 01252 160203,same_day
m00521,10/07/2026 20:39:00,whatsapp,Mo Bright,"Afternoon, Do you offer any kind of service plan or is it pay as you go. Only noticed it this morning. - Mo",routine
m01370,11/07/2026 08:03:00,voicemail,Fiona Hutchings,hi yeah thanks very much for yesterday mo was great really tidy ok cheers bye,
m01284,11/07/2026 08:30:00,sms,Jodie Patel,"Evening, Sorry to be a pain, is the engineer still coming Tuesday morning. Three storey townhouse, boiler's on the top floor.",
m00756,11/07/2026 09:28:00,whatsapp,Nathan Grady,"Evening, Hi there, do you install smart thermostats like Nest or Hive",
m01063,11/07/2026 09:35:00,voicemail,Nicola Hargreaves,hello there can you quote for an outside tap and a garden standpipe it's an ideal logic installed by yourselves ok cheers bye,routine
m01337,11/07/2026 10:52:00,voicemail,Mo Kerr,oh hello can you send the gas safety certificate for 96 victoria street the letting agent is asking for it if you could give us a ring back that would be great,routine
m00141,11/07/2026 11:21:00,whatsapp,Bev Lomax,"Morning, Waste pipe outside is blocked and it's backing up into the sink Thanks Bev",
m01023,11/07/2026 11:37:00,whatsapp,Trish Nkemelu,"Afternoon, Do you offer any kind of service plan or is it pay as you go. It's a Vaillant, about 6 years old.",
m00948,11/07/2026 11:53:00,whatsapp,Lisa Hutchings,Is it worth servicing a boiler that's 18 years old or should we replace it Regards Lisa postcode is GU11 3PQ,
m00640,11/07/2026 14:37:00,sms,Fiona Kerr,"Afternoon, Thanks very much for yesterday, Callum was great, really tidy",routine
m00267,11/07/2026 15:45:00,sms,Gemma Salter,"Hiya Boiler is showing fault code EA, I've tried resetting it twice and it comes straight back. I'm usually in after 3. Cheers",
m00339,11/07/2026 15:56:00,voicemail,Ryan Nkemelu,hello there do you do power flushing? house is 1970s and the rads are never hot at the bottom thanks bye,
m01268,11/07/2026 16:22:00,sms,Yvonne Fenton,"Hello, Hello, we've just bought 109 Hazel Court and want to get the boiler checked over. Oil fired, not gas. - Yvonne",
m01427,11/07/2026 17:08:00,whatsapp,Chloe Ellery,"Hiya Please could you confirm the appointment time for Monday, I need to book time off",routine
m00306,11/07/2026 18:58:00,sms,Yvonne Brooks,"Hiya Boiler keeps cutting out after about ten minutes, then I have to reset it",
m01245,12/07/2026 07:26:00,voicemail,Louise Whitaker,oh hello sorry to be a pain is the engineer still coming tuesday morning if you could give us a ring back that would be great,
m00553,12/07/2026 07:53:00,whatsapp,Danny Radcliffe,"Hi, Hi, we're after a quote for underfloor heating in a conservatory",routine
m00045,12/07/2026 08:59:00,sms,Terry Beckett,"Hiya Radiator pipe has burst upstairs, water coming through the ceiling downstairs, I've turned the water off but it's still coming Terry at 78 Wellington Ave",
m01166,12/07/2026 10:27:00,sms,Danny Whitaker,is there a callout charge if it turns out to be nothing,routine
m01232,12/07/2026 10:40:00,whatsapp,Priya Salter,"hello, is it worth servicing a boiler that's 18 years old or should we replace it. system boiler with a cylinder in the airing cupboard. thanks",
m00983,12/07/2026 11:12:00,whatsapp,Dave Fenton,"Can I get a duplicate certificate for 86 Brockhurst Way, mine's gone missing Regards Dave",
m01523,12/07/2026 12:33:00,voicemail,Debbie Ellery,yeah hi are you vat registered? need it for the company books (sorry to chase),same_day
m01459,12/07/2026 14:16:00,whatsapp,Gemma Doyle,"CAN SOMEONE PUT ME DOWN AS OFF NEXT FRIDAY, GOT A HOSPITAL THING CHEERS",
m00466,12/07/2026 15:08:00,whatsapp,Ade Ahmed,What are your prices for a standard service these days,routine
m01223,12/07/2026 17:13:00,voicemail,Paula Nkemelu,hello there sorry to be a pain is the engineer still coming tuesday morning ok cheers bye,
m00345,12/07/2026 18:58:00,sms,Neil Fenton,"Evening, The new thermostat is great thanks, much easier than the old one Many thanks, Neil Fenton",routine
m00275,12/07/2026 19:26:00,sms,Callum Kerr,"Hi there, The immersion heater has stopped working, no hot water at all now. My husband is usually home by 4.",
m00372,13/07/2026 08:07:00,sms,Michelle O'Neill,"Can I get a duplicate certificate for 148 Southampton Road, mine's gone missing. Only noticed it this morning.",routine
m01387,13/07/2026 13:19:00,whatsapp,Bev Nkemelu,"Only noticed it this morning. Afternoon, Do you offer any kind of service plan or is it pay as you go",
m00173,13/07/2026 13:46:00,whatsapp,Bev Hargreaves,"Hi, Toilet won't flush at all and it's the only one in the house Bev at 169 Queens Road",
m00856,13/07/2026 14:37:00,whatsapp,Jodie Ellery,Hiya Can I pay the invoice by bank transfer rather than card Jodie at 97 Kestrel Rise postcode is GU12 4RW,
m00369,13/07/2026 16:36:00,sms,Callum Lomax,"Evening, Invoice 4020 - is that figure including VAT or not. It's a Vaillant, about 6 years old. Thanks Callum",
m00658,13/07/2026 17:39:00,voicemail,Hassan Lomax,hi yeah do you take card payments on the day if you could give us a ring back that would be great,
m01311,13/07/2026 19:15:00,whatsapp,Paula Radcliffe,"Afternoon, Hello, we've just bought 107 Cobb Close and want to get the boiler checked over",routine
m00333,13/07/2026 20:52:00,sms,Lisa Doyle,"Morning, Thanks for fitting us in last week, appreciated",
m00489,14/07/2026 07:29:00,whatsapp,Nathan Patel,"Hello, What's the earliest you could do a bathroom refit? Looking at October time Regards Nathan",
m00676,14/07/2026 08:17:00,sms,Ross Whitaker,"Hi there, Can you move Thursday's appointment to Friday if there's a slot. I'm the tenant, the landlord said to contact you directly.",
m00982,14/07/2026 08:23:00,whatsapp,Barry Hargreaves,"Hello, we've just bought 162 Kestrel Rise and want to get the boiler checked over. Whenever suits you really. Regards Barry",routine
m00500,14/07/2026 09:41:00,voicemail,Ryan Nowak,um what's the earliest you could do a bathroom refit? looking at october time i'm the tenant the landlord said to contact you directly if you could give us a ring back that would be great,
m00244,14/07/2026 11:56:00,whatsapp,Nathan Brooks,"Ideally before the weekend if possible. Can't get any heating on, the thermostat is blank, changed the batteries and nothing Cheers",
m00401,14/07/2026 13:03:00,whatsapp,Graham Grady,"Hello, Morning, could you email over the quote again, I can't find it Thanks",
m01378,14/07/2026 14:06:00,whatsapp,Nathan Whitaker,"Ideally before the weekend if possible. Evening, Hello, I'd like to get on your list for a landlord gas safety check, property is 138 Southampton Road Aldershot",
m00994,14/07/2026 14:34:00,voicemail,Sam Salter,hi yeah do you fit unvented cylinders? i'm getting a few quotes in [inaudible],
m00651,14/07/2026 20:13:00,sms,Jan Lomax,"Oil fired, not gas. Evening, Any update on the quote for the new radiators? No rush Regards Jan",routine
m01135,14/07/2026 20:19:00,whatsapp,Neil Ahmed,"Morning, How long does a full system flush usually take. Started yesterday evening. Thanks Neil. DOB for the finance application is 14/03/1974 if you still need it",
m00223,14/07/2026 20:49:00,sms,Graham O'Neill,"Morning, Pressure gauge on the boiler is on zero and it won't fire up - Graham",
m01521,15/07/2026 08:06:00,whatsapp,Louise Hargreaves,Following up on this - SYSTEM BOILER WITH A CYLINDER IN THE AIRING CUPBOARD. HIYA COULD I HAVE A COPY OF THE RECEIPT FOR THE WORK IN JUNE FOR MY INSURANCE - LOUISE,
m00327,15/07/2026 08:11:00,sms,Paula Hargreaves,"Hello, Can you move Thursday's appointment to Friday if there's a slot. The neighbours have a spare key. Cheers",
m00576,15/07/2026 08:38:00,whatsapp,Trish Vine,"Hello, Hi, we're after a quote for underfloor heating in a conservatory Trish at 91 Elm Grove",routine
m00579,15/07/2026 10:27:00,sms,Wes Fenton,"The certificate you sent has last year's date on it, could you check",
m01185,15/07/2026 11:57:00,whatsapp,Graham Salter,"Hello, I'd like to get on your list for a landlord gas safety check, property is 22 Victoria Street Fleet Graham at 164 Wellington Ave",
m00076,15/07/2026 14:59:00,whatsapp,Barry Ahmed,"Hi there, Toilet won't flush at all and it's the only one in the house - Barry",
m00099,15/07/2026 16:09:00,sms,Hassan Lomax,"Evening, Boiler is showing fault code F75, I've tried resetting it twice and it comes straight back. Access is round the side gate. Hassan at 15 Hazel Court",
m00102,15/07/2026 17:06:00,voicemail,Louise Radcliffe,um there's a slow drip under the kitchen sink it's filled a bucket overnight [inaudible],
m01449,15/07/2026 17:19:00,whatsapp,Mo Beckett,"HIYA RUNNING 20 MINS LATE TO THE ASH VALE JOB, TRAFFIC ON THE A31. WORCESTER BOSCH IF THAT HELPS.",
m00777,15/07/2026 18:51:00,whatsapp,Trish Ahmed,"Evening, The certificate you sent has last year's date on it, could you check Trish at 84 Cranmore Road",routine
m00032,15/07/2026 20:33:00,sms,Ross Fenton,"HOT WATER TANK HAS SPLIT, THERE'S WATER EVERYWHERE IN THE AIRING CUPBOARD AND COMING DOWN THE STAIRS THANKS",
m01109,16/07/2026 07:40:00,sms,Karl Nkemelu,Could I have a copy of the receipt for the work in June for my insurance Cheers,
m01522,16/07/2026 08:20:00,whatsapp,Louise Hargreaves,Me again. SYSTEM BOILER WITH A CYLINDER IN THE AIRING CUPBOARD. HIYA COULD I HAVE A COPY OF THE RECEIPT FOR THE WORK IN JUNE FOR MY INSURANCE - LOUISE,
m01371,16/07/2026 08:32:00,sms,Donna Hutchings,"Any chance of a Saturday appointment, I can't do weekdays. Worcester Bosch if that helps.",
m00198,16/07/2026 08:36:00,voicemail,Nathan Ahmed,um waste pipe outside is blocked and it's backing up into the sink it's an ideal logic installed by yourselves [inaudible],
m00555,16/07/2026 10:15:00,whatsapp,Barry Whitaker,"Can you send the gas safety certificate for 33 Queens Road, the letting agent is asking for it Regards Barry",routine
m00888,16/07/2026 10:41:00,sms,Tony Grady,can you move thursday's appointment to friday if there's a slot postcode is GU52 6PR,
m00119,16/07/2026 10:57:00,voicemail,Yvonne Salter,right the cold tap in the bathroom won't turn off properly it's running quite fast bungalow single storey so yeah give me a call back when you can,
m00536,16/07/2026 14:20:00,sms,Mo Nowak,"Can you add my new address to your records, we've moved to 88 Mill Lane Mytchett GU16 6TJ Mo at 3 Hazel Court",
m00286,16/07/2026 14:41:00,voicemail,Jan Vine,hello there heating is on but the radiators are stone cold upstairs so yeah give me a call back when you can,same_day
m01201,16/07/2026 15:03:00,voicemail,Callum Beckett,oh hello just checking you got my email about the extension pipework please don't call before 9 i do nights so yeah give me a call back when you can,
m00131,16/07/2026 17:39:00,voicemail,Nathan O'Neill,erm loo is running constantly into the pan been going all night whenever suits you really,
m00228,16/07/2026 18:07:00,whatsapp,Amara Grady,"we're both retired so any time works. hi there, outside tap has split and it's running, i've had to turn the mains off to stop it - amara",same_day
m00628,16/07/2026 19:18:00,sms,Terry Hutchings,"Afternoon, Are you able to service a Worcester Greenstar or is it only certain makes Many thanks, Terry Hutchings",
m00979,16/07/2026 19:30:00,whatsapp,Neil Nowak,Invoice 4095 - is that figure including VAT or not. Worcester Bosch if that helps.,routine
m00449,16/07/2026 19:43:00,sms,Chloe Hargreaves,"hello, any chance of a saturday appointment, i can't do weekdays many thanks, chloe hargreaves",
m00116,16/07/2026 20:46:00,whatsapp,Gemma Fenton,Waste pipe outside is blocked and it's backing up into the sink Regards Gemma,
m00383,16/07/2026 20:50:00,sms,Paula O'Neill,"hi there, do you do power flushing? house is 1970s and the rads are never hot at the bottom",routine
m00072,17/07/2026 09:01:00,sms,Terry Lomax,"hello, the immersion heater has stopped working, no hot water at all now. bungalow, single storey. many thanks, terry lomax",routine
m00883,17/07/2026 09:37:00,whatsapp,Dave Radcliffe,"It's an Ideal Logic, installed by yourselves. Can you send the gas safety certificate for 43 St Anns Way, the letting agent is asking for it - Dave",
m00351,17/07/2026 09:51:00,whatsapp,Louise Ahmed,"CAN I GET A DUPLICATE CERTIFICATE FOR 40 MILL LANE, MINE'S GONE MISSING. BEEN LIKE IT A COUPLE OF WEEKS NOW. THANKS LOUISE",same_day
m00625,17/07/2026 09:53:00,whatsapp,Ian Hutchings,Hiya Are you able to service a Worcester Greenstar or is it only certain makes. We're in all week apart from Wednesday. - Ian,
m00506,17/07/2026 10:11:00,voicemail,Paula Beckett,oh hello can you send the gas safety certificate for 118 st anns way the letting agent is asking for it it's the one in the loft,
m00070,17/07/2026 10:18:00,voicemail,Chloe Nkemelu,yeah hi pressure gauge on the boiler is on zero and it won't fire up [inaudible],
m00058,17/07/2026 10:43:00,voicemail,Tony Salter,hi yeah shower has gone completely cold can't use it at all any chance of someone today [inaudible],
m01246,17/07/2026 11:53:00,sms,Neil Vine,"is there a callout charge if it turns out to be nothing. three storey townhouse, boiler's on the top floor. cheers",
m00643,17/07/2026 12:01:00,voicemail,Barry Ahmed,erm can i pay the invoice by bank transfer rather than card it's the flat above the shop my number is 01252 957730,
m00142,17/07/2026 12:09:00,sms,Ryan Kerr,"Hi there, Heating is on but the radiators are stone cold upstairs Ryan at 94 Southampton Road",
m01444,17/07/2026 12:34:00,whatsapp,Ian Brooks,"Parked up at the Ash Vale one, starting now. The neighbours have a spare key. - Ian",routine
m00559,17/07/2026 13:08:00,whatsapp,Bev Fenton,"Been like it a couple of weeks now. Afternoon, Do you fit unvented cylinders? I'm getting a few quotes in",
m00566,17/07/2026 14:22:00,sms,Jan Nowak,"hi there, we're thinking about a new boiler next spring, would you come and quote nearer the time thanks jan",
m01275,17/07/2026 14:47:00,sms,Sarah Ahmed,Do you do power flushing? House is 1970s and the rads are never hot at the bottom,
m00017,17/07/2026 16:17:00,whatsapp,Terry Hutchings,"Hiya Smell of gas outside by the meter box, been like it since yesterday but it's much worse today",
m01415,17/07/2026 16:20:00,whatsapp,Donna Nowak,How long does a full system flush usually take. I'm usually in after 3.,
m00889,17/07/2026 16:23:00,sms,Lisa Lomax,"Evening, Hi, could I book the annual boiler service please? Any time next week would be fine - Lisa",
m01184,17/07/2026 17:01:00,whatsapp,Neil Ahmed,"Hello, Can I get a duplicate certificate for 5 Cobb Close, mine's gone missing Thanks Neil",routine
m00098,17/07/2026 17:10:00,sms,Barry Brooks,"Morning, There's a hissing noise coming from the boier and it smells hot. It's the flat above the shop.",
m01214,17/07/2026 20:04:00,sms,Jan Fenton,"Afternoon, What's the earliest you could do a bathroom refit? Looking at October time",routine
m00277,18/07/2026 07:39:00,whatsapp,Wes Beckett,"Hello, Outside tap has split and it's running, I've had to turn the mains off to stop it. It's a park home, not sure if that matters.",same_day
m01064,18/07/2026 09:07:00,whatsapp,Ian Lomax,"Hi, What's the earliest you could do a bathroom refit? Looking at October time. The neighbours have a spare key.",
m01084,18/07/2026 09:26:00,whatsapp,Amara Whitaker,"Evening, Do you fit unvented cylinders? I'm getting a few quotes in Many thanks, Amara Whitaker",routine
m00782,18/07/2026 09:46:00,sms,Bev Radcliffe,"Evening, Hi, do you cover Fleet? We're just off the Fernhill Close Thanks",
m00206,18/07/2026 11:44:00,whatsapp,Wes Patel,"Hi, Outside tap has split and it's running, I've had to turn the mains off to stop it Cheers",
m00053,18/07/2026 11:50:00,whatsapp,Trish Lomax,"morning, no hot water since this morning, heating seems fine though",
m00941,18/07/2026 12:10:00,whatsapp,Trish Brooks,"The new thermostat is great thanks, much easier than the old one Thanks",
m00759,18/07/2026 12:17:00,whatsapp,Owen Ahmed,"We're thinking about a new boiler next spring, would you come and quote nearer the time Many thanks, Owen Ahmed",routine
m00447,18/07/2026 13:31:00,whatsapp,Chloe O'Neill,"Hi there, Any chance of a Saturday appointment, I can't do weekdays. I work shifts so mornings are easier. - Chloe",
m00581,18/07/2026 15:10:00,voicemail,Nicola Vine,erm i've paid the invoice this morning transfer reference is the invoice number my number is 01252 053227,routine
m01204,18/07/2026 15:29:00,sms,Barry Hutchings,"Morning, Can you send the gas safety certificate for 46 Barrack Road, the letting agent is asking for it Regards Barry",
m00356,18/07/2026 16:28:00,sms,Nathan Beckett,"Evening, Is it worth servicing a boiler that's 18 years old or should we replace it Regards Nathan",
m01487,18/07/2026 17:46:00,sms,Lisa Doyle,"Morning, URGENT: Your parcel is held pending an unpaid customs fee of GBP 2.99. Confirm here: hxxp://rm-delivery-uk.co/redeliver",
m01253,18/07/2026 17:56:00,whatsapp,Jodie Hutchings,"Hi there, The certificate you sent has last year's date on it, could you check my numbers 01252 682865",
m01104,18/07/2026 18:22:00,sms,Steve Patel,The stopcock is under the sink. Are you able to service a Worcester Greenstar or is it only certain makes Regards Steve,
m01160,18/07/2026 18:55:00,voicemail,Kirsty Salter,yeah hi do you need someone in the house for the service or can i leave a key,routine
m01428,19/07/2026 09:00:00,sms,Ade Doyle,"Hiya Hi, we're after a quote for underfloor heating in a conservatory. The stopcock is under the sink. Thanks Ade",
m01362,19/07/2026 12:01:00,sms,Kirsty Grady,"IT'S A VAILLANT, ABOUT 6 YEARS OLD. WE'RE THINKING ABOUT A NEW BOILER NEXT SPRING, WOULD YOU COME AND QUOTE NEARER THE TIME KIRSTY AT 48 WELLINGTON AVE",routine
m00733,19/07/2026 12:40:00,whatsapp,Nathan Beckett,Is it worth servicing a boiler that's 18 years old or should we replace it. The dog is friendly but he does bark. Thanks,
m00374,19/07/2026 13:11:00,whatsapp,Owen Kerr,"Any chance of a Saturday appointment, I can't do weekdays. Flat 3, buzzer doesn't work so ring me when you're outside. Many thanks, Owen Kerr",
m01041,19/07/2026 14:07:00,whatsapp,Bev Beckett,"Whenever suits you really. Afternoon, Do you fit unvented cylinders? I'm getting a few quotes in - Bev",routine
m00526,19/07/2026 16:46:00,sms,Lisa Bright,Hiya Could I have a copy of the receipt for the work in June for my insurance Cheers it's 61 Fernhill Close Hartley Wintney,routine
m00648,19/07/2026 17:26:00,voicemail,Jodie Doyle,oh hello is there a callout charge if it turns out to be nothing [inaudible],
m01488,19/07/2026 18:34:00,sms,Louise Nkemelu,"Hi there, Hello, I am a supplier of quality plumbing fittings from Shenzhen, we offer very good price, please contact. The dog is friendly but he does bark.",
m00685,19/07/2026 18:37:00,whatsapp,Jan Radcliffe,"Hi, Are you VAT registered? Need it for the company books",
m01490,19/07/2026 19:00:00,whatsapp,Ryan Whitaker,re: your energy grant eligibility - you may qualify for a free boiler under the 2026 scheme. reply yes thanks ryan,
m01068,19/07/2026 19:08:00,voicemail,Ryan O'Neill,oh hello are you able to service a worcester greenstar or is it only certain makes,
m01249,19/07/2026 20:34:00,whatsapp,Jan Beckett,"Afternoon, How long does a full system flush usually take Jan at 41 Fernhill Close",
m00623,20/07/2026 08:03:00,sms,Nathan O'Neill,"Hi there, What's the earliest you could do a bathroom refit? Looking at October time. Started yesterday evening. Many thanks, Nathan O'Neill",
m00999,20/07/2026 08:20:00,sms,Lisa Salter,"Hello, Is it worth servicing a boiler that's 18 years old or should we replace it Thanks Lisa",
m00373,20/07/2026 09:27:00,sms,Barry Vine,It's the flat above the shop. Hiya How long does a full system flush usually take,
m00595,20/07/2026 10:50:00,whatsapp,Amara Ahmed,"Afternoon, Could you price up moving the boiler from the kitchen to the loft Amara at 78 Brockhurst Way",
m01121,20/07/2026 11:04:00,sms,Wes Lomax,"Hi, could I book the annual boiler service please? Any time next week would be fine. System boiler with a cylinder in the airing cupboard.",routine
m00021,20/07/2026 11:36:00,sms,Priya Nowak,"I've got a baby so mornings are tricky. Hi there, There's a burning smell coming from the utility room and the lights flickered, I've switched it off at the fuse box Many thanks, Priya Nowak ring me on 07620703999",
m00670,20/07/2026 12:19:00,sms,Nathan Nkemelu,"JUST WONDERING IF YOU'VE HAD A CHANCE TO LOOK AT THE QUOTE FOR THE BATHROOM YET. IT'S A RENTAL, I'M THE LANDLORD. - NATHAN",
m00998,20/07/2026 13:15:00,sms,Gemma Hutchings,"I work shifts so mornings are easier. Hello, we've just bought 114 Kestrel Rise and want to get the boiler checked over",
m00416,20/07/2026 13:38:00,sms,Marie Nowak,"Hiya Do you take card payments on the day. Access is round the side gate. Many thanks, Marie Nowak",
m00456,20/07/2026 14:44:00,whatsapp,Bev Kerr,"Evening, Is it worth servicing a boiler that's 18 years old or should we replace it",
m01454,20/07/2026 14:45:00,whatsapp,Karl O'Neill,"Afternoon, I'm at 134 Cobb Close but there's no one in, been knocking 10 mins",routine
m00717,20/07/2026 15:36:00,whatsapp,Lisa Kerr,Hiya Do you fit unvented cylinders? I'm getting a few quotes in - Lisa,
m00755,20/07/2026 16:29:00,voicemail,Marie Fenton,yeah hi is it worth servicing a boiler that's 18 years old or should we replace it the stopcock is under the sink [inaudible] if you could give us a ring back that would be great,
m00570,20/07/2026 16:44:00,whatsapp,Bev Nkemelu,"Morning, Hi, do you cover Farnborough? We're just off the Farnborough Road Thanks",
m00903,20/07/2026 17:45:00,whatsapp,Ian Salter,"Hello, Do you fit unvented cylinders? I'm getting a few quotes in. Combi boiler, in the kitchen.",
m00960,20/07/2026 18:20:00,sms,Debbie Beckett,"Thanks very much for yesterday, Danny was great, really tidy",
m00320,20/07/2026 20:38:00,sms,Debbie Nowak,"could i have a copy of the receipt for the work in june for my insurance. oil fired, not gas. regards debbie",
m00047,21/07/2026 07:49:00,whatsapp,Ian Ahmed,Toilet won't flush at all and it's the only one in the house. The neighbours have a spare key.,same_day
m00487,21/07/2026 07:55:00,voicemail,Marie Ahmed,hi yeah any update on the quote for the new radiators? no rush,
m00822,21/07/2026 08:45:00,voicemail,Yvonne Grady,oh hello hi do you cover sandhurst? we're just off the fernhill close started yesterday evening,
m01100,21/07/2026 09:33:00,whatsapp,Dave Vine,"Morning, Could I have a copy of the receipt for the work in June for my insurance. It's a rental, I'm the landlord. Regards Dave",
m00315,21/07/2026 09:46:00,sms,Terry Hargreaves,"We're thinking about a new boiler next spring, would you come and quote nearer the time Many thanks, Terry Hargreaves",
m01059,21/07/2026 12:13:00,whatsapp,Steve Hargreaves,"Hi there, What are your prices for a standard service these days. Whenever suits you really. - Steve",
m00851,21/07/2026 12:15:00,sms,Donna O'Neill,"Morning, Please can you cancel Wednesday, we're away now. Sorry for the short notice Many thanks, Donna O'Neill",
m00465,21/07/2026 12:47:00,sms,Callum Brooks,"Hi there, Hi there, do you install smart thermostats like Nest or Hive. Whenever suits you really. Cheers",
m00091,21/07/2026 13:03:00,sms,Jodie Kerr,"boiler is showing fault code l2, i've tried resetting it twice and it comes straight back thanks jodie",
m00926,21/07/2026 13:36:00,whatsapp,Fiona Radcliffe,"Hi there, Can I get a duplicate certificate for 43 Fernhill Close, mine's gone missing. Combi boiler, in the kitchen. Thanks",
m00331,21/07/2026 14:05:00,voicemail,Terry Ellery,yeah hi any update on the quote for the new radiators? no rush i've got a baby so mornings are tricky so yeah give me a call back when you can,
m01297,21/07/2026 14:13:00,voicemail,Karl Nowak,hi yeah please can you cancel wednesday we're away now sorry for the short notice we're in all week apart from wednesday thanks bye,routine
m00161,21/07/2026 15:55:00,whatsapp,Louise Grady,"Evening, Boiler keeps cutting out after about ten minutes, then I have to reset it Many thanks, Louise Grady",same_day
m01396,21/07/2026 15:59:00,sms,Ryan Bright,"Hiya Hello, we've just bought 135 Kestrel Rise and want to get teh boiler checked over",
m00928,21/07/2026 16:01:00,voicemail,Bev Radcliffe,erm just wanted to say the lads did a lovely job on the bathroom thank you ok cheers bye,routine
m00359,21/07/2026 18:09:00,whatsapp,Louise Nkemelu,"Hello, Hi, we're after a quote for underfloor heating in a conservatory",routine
m00664,21/07/2026 18:38:00,sms,Priya Ellery,"I work shifts so mornings are easier. Afternoon, The new thermostat is great thanks, much easier than the old one Cheers",
m00100,21/07/2026 19:29:00,whatsapp,Neil Lomax,"Shower has gone completely cold, can't use it at all. Any chance of someone today",same_day
m00701,21/07/2026 20:20:00,sms,Dave Hutchings,"Hiya Just wanted to say the lads did a lovely job on the bathroom, thank you ring me on 07776 942751",routine
m00222,22/07/2026 09:08:00,whatsapp,Chloe Patel,"Access is round the side gate. Evening, Waste pipe outside is blocked and it's backing up into the sink",
m00307,22/07/2026 09:46:00,whatsapp,Mo Beckett,"Hi, Boiler is showing fault code L2, I've tried resetting it twice and it comes straight back Thanks Mo",
m01256,22/07/2026 10:07:00,whatsapp,Jodie Vine,"CAN YOU ADD MY NEW ADDRESS TO YOUR RECORDS, WE'VE MOVED TO 85 FARNBOROUGH ROAD SANDHURST GU17 9BB. THERE'S A KEY SAFE IF WE'RE OUT.",
m00674,22/07/2026 10:43:00,whatsapp,Priya Nkemelu,"Hiya Thanks for fitting us in last week, appreciated. We're in all week apart from Wednesday.",
m00772,22/07/2026 11:59:00,sms,Louise Whitaker,"HI, WE'RE AFTER A QUOTE FOR UNDERFLOOR HEATING IN A CONSERVATORY. WE'RE BOTH RETIRED SO ANY TIME WORKS. THANKS LOUISE",
m01515,22/07/2026 12:10:00,whatsapp,Steve Hargreaves,"Hi there, What are your prices for a standard service these days. Whenever suits you really. - Steve Thanks",
m01103,22/07/2026 12:31:00,sms,Ryan Lomax,"Afternoon, Please can you cancel Wednesday, we're away now. Sorry for the short notice postcode is GU11 3PQ",routine
m00857,22/07/2026 13:23:00,sms,Neil Salter,"Afternoon, Can you move Thursday's appointment to Friday if tehre's a slot",routine
m01150,22/07/2026 14:01:00,sms,Ian Salter,"evening, the certificate you sent has last year's date on it, could you check. i'm usually in after 3.",
m00513,22/07/2026 14:50:00,whatsapp,Paula Lomax,"Flat 3, buzzer doesn't work so ring me when you're outside. Hi there, Please can you cancel Wednesday, we're away now. Sorry for the short notice Thanks",
m01052,22/07/2026 15:05:00,whatsapp,Hassan Fenton,"evening, can i get a duplicate certificate for 175 mill lane, mine's gone missing hassan at 30 cranmore road my numbers 07859213854",
m01293,22/07/2026 15:21:00,sms,Callum Hargreaves,"Hiya Hi, could I book the annual boiler service please? Any time next week would be fine it's 10 Queens Road Blackwater",
m00436,22/07/2026 15:37:00,sms,Ade Kerr,"Hiya Sorry to be a pain, is the engineer still coming Tuesday morning. I've got a baby so mornings are tricky. Ade at 177 Southampton Road",
m00399,22/07/2026 15:45:00,whatsapp,Priya Whitaker,"Hiya Thanks very much for yesterday, Danny was great, really tidy my numbers 01252 965405",routine
m01354,22/07/2026 16:28:00,whatsapp,Marie Vine,"Hi there, Is there a callout charge if it turns out to be nothing - Marie",
m00677,22/07/2026 16:57:00,whatsapp,Louise Fenton,"Hi there, Please could you confirm the appointment time for Monday, I need to book time off. Please don't call before 9, I do nights.",
m00378,22/07/2026 17:35:00,whatsapp,Donna Brooks,"Morning, Do you do power flushing? House is 1970s and the rads are never hot at the bottom",
m00350,23/07/2026 07:34:00,sms,Ade Ellery,"Hi, we're after a quote for underfloor heating in a conservatory Cheers it's 108 Kestrel Rise Aldershot. My mum's number is 01252 538881 if you can't get me, she's next door at number 12",
m00776,23/07/2026 07:41:00,voicemail,Jodie Kerr,oh hello sorry to be a pain is the engineer still coming tuesday morning so yeah give me a call back when you can,routine
m00618,23/07/2026 09:05:00,whatsapp,Nicola Vine,"Hi there, Hi there, do you install smart thermostats like Nest or Hive Many thanks, Nicola Vine",
m01266,23/07/2026 09:18:00,voicemail,Ade Fenton,um the certificate you sent has last year's date on it could you check it's a rental i'm the landlord,
m01086,23/07/2026 09:45:00,whatsapp,Ross Doyle,Are you able to service a Worcester Greenstar or is it only certain makes,routine
m00551,23/07/2026 10:14:00,whatsapp,Amara Hutchings,"There's parking on the drive. Hi there, Are you VAT registered? Need it for the company books",routine
m01391,23/07/2026 10:17:00,voicemail,Graham Lomax,erm can i pay the invoice by bank transfer rather than card new build about 4 years old [inaudible] so yeah give me a call back when you can,routine
m01211,23/07/2026 10:39:00,sms,Neil Kerr,"Evening, Could I have a copy of the receipt for the work in June for my insurance Neil at 100 Elm Grove my numbers 01252 865647",routine
m01264,23/07/2026 11:50:00,voicemail,Trish Bright,um i've paid the invoice this morning transfer reference is the invoice number access is round the side gate,
m01398,23/07/2026 13:15:00,sms,Ade Fenton,"Afternoon, Can you send the gas safety certificate for 99 Barrack Road, the letting agent is asking for it. Only noticed it this morning. Regards Ade postcode is GU16 6TJ",
m01193,23/07/2026 13:16:00,sms,Sam Brooks,"Afternoon, Can I get a duplicate certificate for 153 Queens Road, mine's gone missing Many thanks, Sam Brooks",
m00966,23/07/2026 13:58:00,sms,Nathan Whitaker,"Hi, Hi, could I book the annual boier service please? Any time next week would be fine. It's a Vaillant, about 6 years old. Cheers",
m01402,23/07/2026 14:10:00,voicemail,Owen Brooks,right could i have a copy of the receipt for the work in june for my insurance,
m00279,23/07/2026 15:07:00,whatsapp,Wes Bright,"Hi there, The cold tap in the bathroom won't turn off properly, it's running quite fast. Property is a two bed terrace. Thanks Wes",same_day
m00290,23/07/2026 15:57:00,voicemail,Sam Salter,yeah hi loo is running constantly into the pan been going all night if you could give us a ring back that would be great,same_day
m01501,23/07/2026 16:09:00,whatsapp,Louise Fenton,"Following up on this - Hi there, Please could you confirm the appointment time for Monday, I need to book time off. Please don't call before 9, I do nights.",
m00165,23/07/2026 16:42:00,sms,Terry Vine,"Hiya Shower has gone completely cold, can't use it at all. Any chance of someone today. It's a park home, not sure if that matters.",same_day
m00642,23/07/2026 17:09:00,whatsapp,Debbie Hutchings,"CAN I GET A DUPLICATE CERTIFICATE FOR 152 SOUTHAMPTON ROAD, MINE'S GONE MISSING DEBBIE AT 142 FERNHILL CLOSE",routine
m01333,23/07/2026 19:31:00,sms,Steve Fenton,"Evening, What are your prices for a standard service these days Thanks",
m00892,23/07/2026 20:07:00,voicemail,Ryan Kerr,oh hello can you quote for an outside tap and a garden standpipe happy to be a fill-in if you get a cancellation my number is 07844563694,
m00497,23/07/2026 20:14:00,sms,Gemma Nkemelu,Hiya What's the earliest you could do a bathroom refit? Looking at October time Thanks,
m01170,23/07/2026 20:25:00,whatsapp,Jodie Salter,How long does a full system flush usually take Thanks my numbers 07563 885187,routine
m00123,24/07/2026 07:21:00,whatsapp,Graham Vine,"EVENING, THERE'S A SLOW DRIP UNDER THE KITCHEN SINK, IT'S FILLED A BUCKET OVERNIGHT",
m00616,24/07/2026 07:32:00,whatsapp,Mo Hutchings,"Hi, do you cover Farnborough? We're just off the Pinewood Drive. It's an Ideal Logic, installed by yourselves.",
m01399,24/07/2026 08:52:00,whatsapp,Sarah O'Neill,"Afternoon, What's the earliest you could do a bathroom refit? Looking at October time Thanks Sarah",
m00761,24/07/2026 11:08:00,whatsapp,Michelle Salter,"Hi, I've paid the invoice this morning, transfer reference is the invoice number. The dog is friendly but he does bark.",
m00749,24/07/2026 11:21:00,whatsapp,Karl Beckett,"Evening, Can you move Thursday's appointment to Friday if there's a slot. It's a park home, not sure if that matters. - Karl",routine
m00932,24/07/2026 12:42:00,whatsapp,Callum Salter,"Morning, Thanks very much for yesterday, Danny was great, really tidy. Bungalow, single storey. Many thanks, Callum Salter",
m00891,24/07/2026 13:38:00,whatsapp,Barry Grady,"System boiler with a cylinder in the airing cupboard. Evening, Hi there, do you install smart thermostats like Nest or Hive",
m00779,24/07/2026 14:07:00,sms,Donna Hutchings,How long does a full system flush usually take,
m01491,24/07/2026 15:06:00,sms,Gemma Grady,"Morning, EMERGENCY notice regarding your vehicle warranty which has now expired",
m01203,24/07/2026 15:48:00,whatsapp,Kirsty Grady,"Morning, Hi there, do you install smart thermostats like Nest or Hive Thanks",
m01502,24/07/2026 17:28:00,whatsapp,Louise Fenton,"Hi there, Please could you confirm the appointment time for Monday, I need to book time off. Please don't call before 9, I do nights. Not heard back so trying again.",
m00414,24/07/2026 18:44:00,whatsapp,Amara Lomax,"Morning, Just wondering if you've had a chance to look at the quote for the bathroom yet Cheers",
m00742,24/07/2026 19:51:00,voicemail,Tony Patel,oh hello can you move thursday's appointment to friday if there's a slot i'm the tenant the landlord said to contact you directly ok cheers bye,routine
m00624,24/07/2026 20:14:00,sms,Owen Kerr,"Hi, Would you be able to look at an old Baxi or is it too far gone",
m00071,24/07/2026 20:54:00,whatsapp,Steve Beckett,"hiya radiator in the bathroom is leaking slowly, i've got a bowl under it for now",
m00596,25/07/2026 08:24:00,voicemail,Chloe Brooks,oh hello morning could you email over the quote again i can't find it there's parking on the drive [inaudible] thanks bye,
m00791,25/07/2026 08:54:00,whatsapp,Neil Ahmed,"Could you price up moving the boiler from the kitchen to the loft. The neighbours have a spare key. Many thanks, Neil Ahmed",routine
m00057,25/07/2026 10:08:00,whatsapp,Gemma Doyle,"Started yesterday evening. The cold tap in the bathroom won't turn off properly, it's running quite fast",
m00186,25/07/2026 11:35:00,whatsapp,Barry Ellery,"Radiator in the utility room is leaking slowly, I've got a bowl under it for now. Started yesterday evening.",
m01168,25/07/2026 13:09:00,voicemail,Fiona Grady,hello there please can you cancel wednesday we're away now sorry for the short notice [inaudible] if you could give us a ring back that would be great,routine
m00811,25/07/2026 13:22:00,sms,Karl Nowak,"HIYA HI, DO YOU COVER CAMBERLEY? WE'RE JUST OFF THE QUEENS ROAD CHEERS",
m00361,25/07/2026 14:02:00,voicemail,Lisa Hargreaves,erm we'd like to go ahead with the quote what's the next step happy to be a fill-in if you get a cancellation [inaudible] ok cheers bye,
m00967,25/07/2026 15:41:00,voicemail,Amara Hutchings,um we'd like to go ahead with the quote what's the next step ok cheers bye,
m00789,25/07/2026 16:51:00,voicemail,Graham Nkemelu,erm any update on the quote for the new radiators? no rush i've got a baby so mornings are tricky my number is 07325 232372,routine
m01325,25/07/2026 16:54:00,sms,Priya Brooks,"Hiya Hello, I'd like to get on your list for a landlord gas safety check, property is 163 Victoria Street Farnborough. Worcester Bosch if that helps. - Priya",
m00347,25/07/2026 20:53:00,voicemail,Ian Whitaker,oh hello invoice 3992 - is that figure including vat or not my number is 07783 276976,
m00746,26/07/2026 07:47:00,whatsapp,Neil Hargreaves,Do you do power flushing? House is 1970s and the rads are never hot at the bottom,
m01475,26/07/2026 07:48:00,whatsapp,Owen Fenton,"System boiler with a cylinder in the airing cupboard. Hi there, Forgot to say, need more gas safety cert pads Regards Owen",
m00545,26/07/2026 08:30:00,whatsapp,Danny Beckett,"Hiya Morning, could you email over the quote again, I can't find it. I've got a baby so mornings are tricky. Danny at 28 Queens Road",
m00750,26/07/2026 08:33:00,whatsapp,Debbie Grady,"Evening, Can I get a duplicate certificate for 48 Kestrel Rise, mine's gone missing. My husband is usually home by 4. Thanks",
m00786,26/07/2026 09:17:00,whatsapp,Donna Patel,"Hello, Just wondering if you've had a chance to look at the quote for the bathroom yet Thanks",
m01038,26/07/2026 11:10:00,whatsapp,Jodie Hargreaves,"Morning, Hello, we've just bought 33 Farnborough Road and want to get the boier checked over",
m01542,26/07/2026 12:57:00,whatsapp,Gemma Doyle,"Started yesterday evening. The cold tap in the bathroom won't turn off properly, it's running quite fast Just chasing this one up",
m00187,26/07/2026 14:07:00,whatsapp,Terry Salter,"Pressure gauge on the boiler is on zero and it won't fire up. New build, about 4 years old. ring me on 01252 454401",same_day
m00434,26/07/2026 14:09:00,whatsapp,Amara Grady,"Hiya Please could you confirm the appointment time for Monday, I need to book time off. It's a Glow-worm, fairly old now. Thanks",
m01132,26/07/2026 15:22:00,whatsapp,Sam O'Neill,"Hiya Hi, do you cover Mytchett? We're just off the Wellington Ave. Combi boiler, in the kitchen. Regards Sam",routine
m00653,26/07/2026 15:23:00,sms,Karl Bright,"Hi there, The certificate you sent has last year's date on it, could you check",routine
m00229,26/07/2026 19:54:00,whatsapp,Dave Ahmed,"Morning, There's a hissing noise coming from teh boiler and it smells hot. The stopcock is under teh sink. Many thanks, Dave Ahmed",
m01376,26/07/2026 20:14:00,whatsapp,Ross O'Neill,"Evening, Is it worth servicing a boiler that's 18 years old or should we replace it",
m01082,27/07/2026 08:11:00,whatsapp,Louise Nkemelu,"My tenant says the radiator valve is stiff, not urgent, whenever you're passing Thanks",routine
m01276,27/07/2026 10:16:00,sms,Wes Brooks,"Hello, we've just bought 144 Kestrel Rise and want to get the boiler checked over Wes at 135 Cranmore Road",
m00055,27/07/2026 11:32:00,whatsapp,Michelle Grady,"Hi, Outside tap has split and it's running, I've had to turn the mains off to stop it. Oil fired, not gas.",same_day
m01543,27/07/2026 12:25:00,whatsapp,Gemma Doyle,"Following up on this - Started yesterday evening. The cold tap in the bathroom won't turn off properly, it's running quite fast",same_day
m00360,27/07/2026 12:34:00,whatsapp,Barry Bright,Hiya Invoice 3939 - is that figure including VAT or not Thanks,routine
m01316,27/07/2026 14:12:00,sms,Priya Salter,"HI THERE, HI, COULD I BOOK THE ANNUAL BOILER SERVICE PLEASE? ANY TIME NEXT WEEK WOULD BE FINE - PRIYA",
m00417,27/07/2026 14:29:00,voicemail,Nicola Whitaker,hello there sorry to be a pain is the engineer still coming tuesday morning please don't call before 9 i do nights ok cheers bye,
m00549,27/07/2026 14:50:00,voicemail,Michelle Fenton,um sorry to be a pain is the engineer still coming tuesday morning ok cheers bye,routine
m00817,27/07/2026 16:53:00,whatsapp,Chloe Brooks,"There's parking on the drive. Hiya The new thermostat is great thanks, much easier than the old one Many thanks, Chloe Brooks",
m00527,27/07/2026 20:42:00,sms,Ian Patel,"Hello, We're thinking about a new boiler next spring, would you come and quote nearer the time my numbers 01252 265967",
m00884,28/07/2026 07:02:00,sms,Nathan Grady,"Afternoon, Is there a callout charge if it turns out to be nothing. The dog is friendly but he does bark. - Nathan",
m00609,28/07/2026 07:26:00,sms,Ian Fenton,"Afternoon, Hi, do you cover Hartley Wintney? We're just off the Fernhill Close. It's an Ideal Logic, installed by yourselves.",
m01236,28/07/2026 08:02:00,sms,Nicola Grady,"Morning, Do you take card payments on the day. It's an Ideal Logic, installed by yourselves. Nicola at 140 Cobb Close",
m01495,28/07/2026 08:38:00,whatsapp,Trish Radcliffe,"Hi, Hello, I am a supplier of quality plumbing fittings from Shenzhen, we offer very good price, please contact Thanks",
m01010,28/07/2026 10:38:00,voicemail,Mo Kerr,um invoice 4075 - is that figure including vat or not if you could give us a ring back that would be great,
m01302,28/07/2026 10:54:00,whatsapp,Danny Hutchings,"Evening, Are you able to service a Worcester Greenstar or is it only certain makes. We're in all week apart from Wednesday. ring me on 07965 554504",
m00008,28/07/2026 10:56:00,sms,Paula O'Neill,Hiya No heating and no hot water since last night and I've got a three week old baby in the house. It's the end house on the left.,emergency
m00830,28/07/2026 17:39:00,whatsapp,Sarah Lomax,"Bungalow, single storey. Afternoon, Just checking you got my email about the extension pipework ring me on 07499 390870",
m00916,28/07/2026 19:11:00,whatsapp,Ryan O'Neill,"Only noticed it this morning. Morning, Do you take card payments on the day",routine
m01482,28/07/2026 19:15:00,whatsapp,Steve Grady,"Hi there, Customer at 95 Alexandra Terrace wants to pay cash, is that ok Thanks",
m00652,29/07/2026 07:32:00,whatsapp,Hassan Ellery,"Hello, Please could you confirm teh appointment time for Monday, I need to book time off Hassan at 26 Barrack Road",routine
m01305,29/07/2026 10:54:00,whatsapp,Marie Fenton,"Access is round the side gate. Hiya Hello, we've just bought 53 Southampton Road and want to get the boiler checked over Thanks Marie it's 122 Farnborough Road Blackwater",
m00603,29/07/2026 11:25:00,sms,Sam Brooks,Invoice 3952 - is that figure including VAT or not. Same address as last time. Thanks,
m00540,29/07/2026 14:10:00,whatsapp,Yvonne Fenton,"Morning, Can you send the gas safety certificate for 162 Newtown Road, the letting agent is asking for it Many thanks, Yvonne Fenton",
m00660,29/07/2026 14:11:00,sms,Mo O'Neill,"Afternoon, Any update on the quote for the new radiators? No rush",
m00732,29/07/2026 14:19:00,voicemail,Jan Brooks,yeah hi the certificate you sent has last year's date on it could you check thanks bye,
m00853,29/07/2026 15:53:00,whatsapp,Jodie Hutchings,"Hi tehre, Please could you confirm teh appointment time for Monday, I need to book time off",routine
m00120,29/07/2026 18:15:00,sms,Terry Radcliffe,"Hi tehre, Can't get any heating on, teh tehrmostat is blank, changed teh batteries and nothing",
m00129,29/07/2026 20:49:00,voicemail,Ross Ahmed,yeah hi can't get any heating on the thermostat is blank changed the batteries and nothing the stopcock is under the sink [inaudible],
m01053,29/07/2026 20:57:00,whatsapp,Tony Patel,"Hello, Just checking you got my email about the extension pipework Thanks",
m00026,30/07/2026 09:39:00,whatsapp,Nicola Grady,"Hello, Hot water tank has split, there's water everywhere in the airing cupboard and coming down the stairs. My husband is usually home by 4.",emergency
m01189,30/07/2026 10:44:00,whatsapp,Steve Nowak,Hiya What's the earliest you could do a bathroom refit? Looking at October time Thanks,
m00937,30/07/2026 10:53:00,whatsapp,Mo Brooks,"Morning, Just wanted to say the lads did a lovely job on the bathroom, thank you Regards Mo",
m00635,30/07/2026 12:00:00,whatsapp,Louise Ellery,"Evening, Any chance of a Saturday appointment, I can't do weekdays - Louise",routine
m00934,30/07/2026 12:44:00,sms,Dave Grady,"We're in all week apart from Wednesday. Morning, Can you add my new address to your records, we've moved to 19 Barrack Road Aldershot GU11 1SR",
m00438,30/07/2026 15:46:00,sms,Jodie Brooks,"Hiya Thanks very much for yesterday, Wes was great, really tidy. Same address as last time. Jodie at 110 Mill Lane",
m00606,30/07/2026 17:33:00,whatsapp,Graham O'Neill,"Hello, I'd like to get on your list for a landlord gas safety check, property is 108 Brockhurst Way Ash Vale. Started yesterday evening. Thanks Graham",
m00136,30/07/2026 17:53:00,whatsapp,Ian Salter,"Morning, Heating is on but the radiators are stone cold upstairs - Ian",
m00174,30/07/2026 17:54:00,voicemail,Sarah Vine,erm the immersion heater has stopped working no hot water at all now if you could give us a ring back that would be great,
m00431,30/07/2026 19:23:00,sms,Yvonne Kerr,"Morning, Are you able to service a Worcester Greenstar or is it only certain makes. Oil fired, not gas. Yvonne at 56 Farnborough Road",
m00913,30/07/2026 19:27:00,voicemail,Lisa Whitaker,erm any update on the quote for the new radiators? no rush bungalow single storey [inaudible] if you could give us a ring back that would be great,
m00952,30/07/2026 19:28:00,whatsapp,Bev O'Neill,Hiya Are you VAT registered? Need it for teh company books - Bev,
m01106,30/07/2026 20:28:00,sms,Yvonne Hutchings,"Evening, What are your prices for a standard service these days Cheers",
m00757,30/07/2026 20:57:00,sms,Fiona Kerr,"Started yesterday evening. Hi there, Invoice 3982 - is that figure including VAT or not Cheers",
m00588,31/07/2026 07:54:00,whatsapp,Trish Hutchings,"Been like it a couple of weeks now. Hello, Are you VAT registered? Need it for teh company books Thanks",
m00400,31/07/2026 09:28:00,whatsapp,Hassan Fenton,"It's a Glow-worm, fairly old now. Is there a callout charge if it turns out to be nothing - Hassan",
m00827,31/07/2026 09:30:00,sms,Marie Hutchings,"Please could you confirm the appointment time for Monday, I need to book time off",
m01000,31/07/2026 10:28:00,sms,Priya Vine,"It's a park home, not sure if that matters. Afternoon, Can I pay the invoice by bank transfer rather than card ring me on 07415652584",
m00930,31/07/2026 11:48:00,whatsapp,Jan Hutchings,"Morning, Hi, do you cover Camberley? We're just off the Barrack Road Many thanks, Jan Hutchings",routine
m00940,31/07/2026 12:43:00,whatsapp,Ross Salter,"Just wanted to say the lads did a lovely job on the bathroom, thank you Cheers",
m00018,31/07/2026 13:17:00,whatsapp,Ryan Nowak,"Hi there, Boiler is making a loud banging noise and water is coming out the bottom of it, I've switched it off Cheers",
m00829,31/07/2026 13:48:00,voicemail,Danny Kerr,um can you send the gas safety certificate for 105 farnborough road the letting agent is asking for it [inaudible],
m01025,31/07/2026 13:50:00,whatsapp,Debbie Vine,"JUST WANTED TO SAY THE LADS DID A LOVELY JOB ON THE BATHROOM, THANK YOU. IDEALLY BEFORE THE WEEKEND IF POSSIBLE. CHEERS",
m00096,31/07/2026 14:51:00,sms,Ross Nkemelu,"There's a slow drip under the kitchen sink, it's filled a bucket overnight",
m01380,31/07/2026 16:04:00,whatsapp,Louise Whitaker,"Afternoon, Invoice 3903 - is that figure including VAT or not. Property is a two bed terrace. ring me on 07811 347904",
m00931,01/08/2026 07:36:00,sms,Nathan Ellery,"Hi, The certificate you sent has last year's date on it, could you check Many thanks, Nathan Ellery",routine
m01294,01/08/2026 09:51:00,whatsapp,Trish Whitaker,can you move thursday's appointment to friday if there's a slot. same address as last time.,
m00030,01/08/2026 12:49:00,sms,Mo Kerr,"Combi boiler, in the kitchen. Hiya Carbon monoxide alarm has gone off twice this morning. Everyone's outside. What do we do Thanks Mo",
m00020,01/08/2026 13:19:00,whatsapp,Hassan Fenton,"It's the end house on the left. Afternoon, I think there's a gas leak, the smell is realy bad in the utility room. My husband is on oxygen so I need someone urgently",emergency
m01208,01/08/2026 14:11:00,sms,Nicola Salter,"Afternoon, Do you take card payments on the day Many thanks, Nicola Salter",
m00274,01/08/2026 14:24:00,voicemail,Ian Grady,right pressure gauge on the boiler is on zero and it won't fire up [inaudible] if you could give us a ring back that would be great,
m00705,01/08/2026 14:38:00,whatsapp,Jodie Ahmed,"I work shifts so mornings are easier. Hello, Invoice 3966 - is that figure including VAT or not my numbers 07451 912291",routine
m00788,01/08/2026 14:46:00,voicemail,Kirsty Kerr,um hi do you cover fleet? we're just off the southampton road system boiler with a cylinder in the airing cupboard [inaudible] my number is 07480555163,
m00241,01/08/2026 14:52:00,sms,Ade Nkemelu,"Hiya Radiator in the garage is leaking slowly, I've got a bowl under it for now",
m00878,01/08/2026 15:07:00,voicemail,Tony Whitaker,yeah hi hi we're after a quote for underfloor heating in a conservatory there's a key safe if we're out [inaudible] ok cheers bye,
m00716,01/08/2026 15:09:00,voicemail,Dave Hargreaves,right the new thermostat is great thanks much easier than the old one,
m01171,01/08/2026 15:50:00,whatsapp,Hassan Hargreaves,"hi, any chance of a saturday appointment, i can't do weekdays",
m00870,01/08/2026 16:04:00,voicemail,Wes Ellery,right what's the earliest you could do a bathroom refit? looking at october time if you could give us a ring back that would be great,
m00813,01/08/2026 16:10:00,whatsapp,Dave Hutchings,"Morning, The new tehrmostat is great thanks, much easier than teh old one. Three storey townhouse, boiler's on teh top floor.",
m01049,01/08/2026 16:53:00,voicemail,Kirsty Hargreaves,yeah hi can i get a duplicate certificate for 123 cranmore road mine's gone missing so yeah give me a call back when you can,
m00796,01/08/2026 17:32:00,sms,Dave Kerr,What are your prices for a standard service these days Cheers,
m00557,02/08/2026 10:19:00,sms,Neil Hutchings,"hello, hi, do you cover farnborough? we're just off the pinewood drive. it's a park home, not sure if that matters. thanks",
m00163,02/08/2026 10:44:00,whatsapp,Karl Fenton,"Shower has gone completely cold, can't use it at all. Any chance of someone today",
m00479,02/08/2026 10:47:00,whatsapp,Tony O'Neill,"Evening, Hi, do you cover Farnborough? We're just off the Brockhurst Way Regards Tony",
m00805,02/08/2026 11:11:00,whatsapp,Mo Salter,"It's a park home, not sure if that matters. Hello, Could you price up moving the boiler from the kitchen to the loft",
m00412,02/08/2026 12:00:00,voicemail,Tony Salter,um hello we've just bought 21 queens road and want to get the boiler checked over access is round the side gate thanks bye,routine
m01233,02/08/2026 12:14:00,whatsapp,Jan Doyle,"Hi there, Please could you confirm the appointment time for Monday, I need to book time off",
m01355,02/08/2026 13:11:00,voicemail,Priya Nowak,um we'd like to go ahead with the quote what's the next step my husband is usually home by 4 [inaudible] if you could give us a ring back that would be great,
m00543,02/08/2026 13:55:00,sms,Gemma Ellery,"Can you send teh gas safety certificate for 139 Hazel Court, teh letting agent is asking for it",
m01460,02/08/2026 14:34:00,sms,Fiona Beckett,"forgot to say, need more gas safety cert pads. property is a two bed terrace.",
m01467,02/08/2026 15:10:00,whatsapp,Barry Nowak,"Hello, Customer at 152 Newtown Road wants to pay cash, is that ok",
m01321,02/08/2026 15:33:00,voicemail,Ade Hargreaves,hi yeah what are your prices for a standard service these days [inaudible] thanks bye,
m00182,02/08/2026 15:46:00,sms,Donna Radcliffe,"Hi there, Can't get any heating on, the thermostat is blank, changed the batteries and nothing Thanks Donna",same_day
m00205,02/08/2026 16:11:00,whatsapp,Neil Nowak,"It's a Vaillant, about 6 years old. No hot water since this morning, heating seems fine though",
m01258,02/08/2026 16:50:00,whatsapp,Hassan Patel,"Evening, Please could you confirm the appointment time for Monday, I need to book time off. Please don't call before 9, I do nights. Thanks",
m00450,02/08/2026 17:02:00,whatsapp,Callum Whitaker,"Afternoon, Is it worth servicing a boiler that's 18 years old or should we replace it",
m00199,02/08/2026 17:35:00,whatsapp,Debbie Kerr,"It's a rental, I'm the landlord. The cold tap in the bathroom won't turn off properly, it's running quite fast",
m00639,02/08/2026 18:02:00,sms,Neil Hargreaves,"Afternoon, Do you need someone in the house for the service or can I leave a key",
m01110,02/08/2026 18:04:00,sms,Barry Patel,Do you offer any kind of service plan or is it pay as you go Thanks Barry,
m00523,02/08/2026 18:30:00,whatsapp,Ian O'Neill,"Hiya Are you able to service a Worcester Greenstar or is it only certain makes. Bungalow, single storey.",
m01429,02/08/2026 19:12:00,sms,Sam Bright,Is it worth servicing a boiler that's 18 years old or should we replace it. The dog is friendly but he does bark.,
m00887,02/08/2026 19:22:00,sms,Steve Fenton,"HI, COULD I HAVE A COPY OF THE RECEIPT FOR THE WORK IN JUNE FOR MY INSURANCE - STEVE",
m00538,02/08/2026 19:41:00,sms,Marie Beckett,"Morning, Morning, could you email over the quote again, I can't find it Thanks",routine
m01045,02/08/2026 20:14:00,sms,Wes Nowak,"Do you fit unvented cylinders? I'm getting a few quotes in. It's a Glow-worm, fairly old now. Wes at 52 Southampton Road",routine
m00056,02/08/2026 20:28:00,sms,Terry Vine,"Hello, Toilet won't flush at all and it's the only one in the house - Terry",
m00917,03/08/2026 07:36:00,sms,Nicola Grady,"Hi there, Sorry to be a pain, is the engineer still coming Tuesday morning Thanks Nicola",
m00593,03/08/2026 07:54:00,whatsapp,Debbie Radcliffe,Are you able to service a Worcester Greenstar or is it only certain makes,
m00751,03/08/2026 08:34:00,sms,Michelle Ellery,"Evening, Is it worth servicing a boiler that's 18 years old or should we replace it Thanks Michelle",
m00736,03/08/2026 08:44:00,whatsapp,Marie Doyle,"Hello, Is it worth servicing a boiler that's 18 years old or should we replace it. Oil fired, not gas. Cheers",routine
m00621,03/08/2026 09:56:00,sms,Louise Fenton,"Afternoon, Do you do power flushing? House is 1970s and the rads are never hot at the bottom",
m01314,03/08/2026 10:39:00,voicemail,Graham Brooks,yeah hi can i get a duplicate certificate for 133 fernhill close mine's gone missing it's a rental i'm the landlord ok cheers bye,
m00730,03/08/2026 11:49:00,sms,Steve Patel,"Hi there, Sorry to be a pain, is the engineer still coming Tuesday morning",routine
m00180,03/08/2026 12:22:00,voicemail,Kirsty Beckett,oh hello the immersion heater has stopped working no hot water at all now it's a park home not sure if that matters [inaudible] so yeah give me a call back when you can,
m01338,03/08/2026 13:23:00,whatsapp,Nicola Salter,"Ideally before the weekend if possible. Afternoon, What are your prices for a standard service these days Regards Nicola",
m00867,03/08/2026 15:28:00,sms,Hassan Patel,"Hiya Just wanted to say the lads did a lovely job on the bathroom, thank you. Only noticed it this morning. Regards Hassan",
m01174,03/08/2026 16:02:00,sms,Danny Nkemelu,"Evening, The certificate you sent has last year's date on it, could you check. Ideally before the weekend if possible.",
m00247,03/08/2026 17:01:00,sms,Jan Beckett,"hiya can't get any heating on, the thermostat is blank, changed the batteries and nothing cheers",
m00577,03/08/2026 18:05:00,voicemail,Nicola Ahmed,hello there what's the earliest you could do a bathroom refit? looking at october time we're in all week apart from wednesday thanks bye,
m00253,03/08/2026 18:08:00,voicemail,Bev Brooks,hi yeah can't get any heating on the thermostat is blank changed the batteries and nothing my number is 07189454755,
m01261,03/08/2026 18:32:00,whatsapp,Fiona Beckett,"Evening, Any chance of a Saturday appointment, I can't do weekdays. It's the end house on the left.",routine
m01343,04/08/2026 07:23:00,sms,Steve Beckett,"Hi, do you cover Frimley? We're just off the Barrack Road - Steve",
m00872,04/08/2026 07:25:00,whatsapp,Barry Nowak,"Hi there, Can you add my new address to your records, we've moved to 122 Pinewood Drive Farnborough GU51 2BX. Flat 3, buzzer doesn't work so ring me when you're outside. - Barry",
m00611,04/08/2026 08:16:00,sms,Bev Salter,"Hiya Hi, do you cover Mytchett? We're just off the Fernhill Close",routine
m00474,04/08/2026 08:57:00,sms,Kirsty Ahmed,"hi, hi, could i book the annual boiler service please? any time next week would be fine. three storey townhouse, boiler's on the top floor. thanks kirsty",
m00665,04/08/2026 08:58:00,whatsapp,Michelle Lomax,"I've paid the invoice this morning, transfer reference is the invoice number",
m00107,04/08/2026 10:07:00,whatsapp,Paula Grady,"There's a slow drip under the kitchen sink, it's filled a bucket overnight",
m00715,04/08/2026 11:13:00,sms,Kirsty Brooks,"Morning, Can you send the gas safety certificate for 97 Cranmore Road, the letting agent is asking for it. Worcester Bosch if that helps.",routine
m00151,04/08/2026 11:30:00,sms,Kirsty Lomax,"Boiler is showing fault code L2, I've tried resetting it twice and it comes straight back Kirsty at 58 Pinewood Drive it's 101 Queens Road Church Crookham",
m00342,04/08/2026 12:15:00,sms,Gemma Nowak,"Evening, Thanks very much for yesterday, Wes was great, really tidy",
m01238,04/08/2026 12:42:00,sms,Tony Ellery,"Hi there, Are you able to service a Worcester Greenstar or is it only certain makes Many thanks, Tony Ellery",
m01012,04/08/2026 12:50:00,whatsapp,Amara Nowak,"We'd like to go ahead with the quote, what's the next step. It's the flat above the shop. - Amara",
m01392,04/08/2026 14:09:00,whatsapp,Mo Whitaker,"Evening, Can you send the gas safety certificate for 7 Queens Road, the letting agent is asking for it Regards Mo",
m00358,04/08/2026 15:13:00,whatsapp,Barry O'Neill,"The new thermostat is great thanks, much easier than the old one. It's a rental, I'm the landlord. Thanks Barry",
m00738,04/08/2026 15:40:00,whatsapp,Marie Hargreaves,"Hi there, What are your prices for a standard service these days",
m00809,04/08/2026 16:29:00,whatsapp,Neil Lomax,"I work shifts so mornings are easier. Hi, What's the earliest you could do a bathroom refit? Looking at October time Cheers. Alarm code is 1985 and the spare key is under the pot round the back",
m00046,04/08/2026 16:52:00,whatsapp,Owen Whitaker,"Hi there, Boiler is leaking a small amount of water onto the floor, maybe an egg cup an hour. The stopcock is under the sink. Regards Owen",
m00877,04/08/2026 17:59:00,whatsapp,Donna Bright,"Hiya Hello, we've just bought 63 Newtown Road and want to get the boiler checked over. It's an Ideal Logic, installed by yourselves. Many thanks, Donna Bright",
m01113,04/08/2026 18:30:00,whatsapp,Ade Fenton,"Evening, Thanks very much for yesterday, Mo was great, really tidy. Happy to be a fill-in if you get a cancellation. Cheers",
m01419,04/08/2026 19:10:00,whatsapp,Hassan Lomax,"afternoon, what are your prices for a standard service these days regards hassan",
m00706,04/08/2026 19:14:00,sms,Louise Doyle,"Afternoon, Is there a callout charge if it turns out to be nothing",
m00121,04/08/2026 19:16:00,whatsapp,Jodie Hargreaves,Heating is on but the radiators are stone cold upstairs - Jodie,
m01254,05/08/2026 08:48:00,whatsapp,Kirsty Nkemelu,"Ideally before the weekend if possible. Hi there, Thanks very much for yesterday, Callum was great, really tidy",
m00454,05/08/2026 09:40:00,whatsapp,Michelle Hargreaves,"Hi, Hi, do you cover Mytchett? We're just off the Kestrel Rise",
m00764,05/08/2026 15:10:00,whatsapp,Terry Grady,"Morning, We're thinking about a new boiler next spring, would you come and quote nearer the time. Oil fired, not gas. Regards Terry",
m00908,05/08/2026 16:27:00,sms,Steve Bright,"Hi there, Could you price up moving the boiler from the kitchen to the loft - Steve",
m00325,06/08/2026 08:23:00,sms,Jan Vine,"morning, what's the earliest you could do a bathroom refit? looking at october time thanks",routine
m01432,06/08/2026 09:00:00,whatsapp,Trish Ahmed,"Would you be able to look at an old Baxi or is it too far gone. I'm the tenant, the landlord said to contact you directly. Cheers",routine
m00251,06/08/2026 10:01:00,whatsapp,Dave Grady,"Hi there, Loo is running constantly into the pan, been going all night Many thanks, Dave Grady",
m00069,06/08/2026 11:06:00,sms,Ross Brooks,"No rush at all on this one. The immersion heater has stopped working, no hot water at all now Regards Ross",
m01469,06/08/2026 11:17:00,sms,Louise Bright,"Morning, Ill today mate, been up all night with it. Sorry Regards Louise it's 141 Mill Lane Ash Vale",routine
m01386,06/08/2026 11:50:00,voicemail,Ade Whitaker,right is there a callout charge if it turns out to be nothing been like it a couple of weeks now if you could give us a ring back that would be great,
m00683,06/08/2026 12:54:00,voicemail,Debbie Ahmed,hello there hi could i book the annual boiler service please? any time next week would be fine [inaudible] [inaudible],
m00509,06/08/2026 13:06:00,sms,Sarah O'Neill,"Hiya We're thinking about a new boiler next spring, would you come and quote nearer the time. We had you out for the same thing in March.",
m00597,06/08/2026 14:39:00,sms,Debbie Kerr,"Hi, We're thinking about a new boiler next spring, would you come and quote nearer the time. It's an Ideal Logic, installed by yourselves. Thanks",
m00189,06/08/2026 19:33:00,whatsapp,Neil Hargreaves,"Hello, There's a hissing noise coming from the boiler and it smells hot. There's a key safe if we're out.",
m00140,06/08/2026 19:54:00,sms,Dave Nowak,"Combi boiler, in the kitchen. Hello, Waste pipe outside is blocked and it's backing up into the sink Dave at 156 Newtown Road",
m01360,07/08/2026 07:11:00,whatsapp,Steve Grady,"Any update on the quote for the new radiators? No rush. I've got a baby so mornings are tricky. Many thanks, Steve Grady",
m01406,07/08/2026 08:43:00,sms,Sarah Hargreaves,"Bungalow, single storey. Hi there, Hi, do you cover Fleet? We're just off the Hazel Court",
m00970,07/08/2026 10:12:00,whatsapp,Trish O'Neill,Do you do power flushing? House is 1970s and the rads are never hot at the bottom Thanks Trish,routine
m00430,07/08/2026 11:20:00,whatsapp,Ian Lomax,"Morning, Just checking you got my email about the extension pipework. It's a Glow-worm, fairly old now. it's 123 Cobb Close Frimley",
m01464,07/08/2026 12:29:00,sms,Priya Salter,"Finished at Mrs Brooks's, heading to the next one now. Been like it a couple of weeks now. Priya at 110 Barrack Road",
m01443,07/08/2026 13:06:00,sms,Amara Lomax,"evening, which job am i on first tomorow cheers",
m01307,07/08/2026 14:31:00,whatsapp,Ade Radcliffe,"Hi there, do you install smart thermostats like Nest or Hive Ade at 174 Farnborough Road",
m00317,07/08/2026 15:07:00,whatsapp,Kirsty Salter,"Hi, What's the earliest you could do a bathroom refit? Looking at October time - Kirsty",
m00986,07/08/2026 16:12:00,voicemail,Debbie Lomax,erm invoice 3958 - is that figure including vat or not if you could give us a ring back that would be great,
m00882,07/08/2026 17:05:00,voicemail,Nathan Fenton,right what's the earliest you could do a bathroom refit? looking at october time [inaudible] thanks bye,
m00547,07/08/2026 17:12:00,whatsapp,Priya Nowak,"Do you do power flushing? House is 1970s and the rads are never hot at the bottom. I'm the tenant, the landlord said to contact you directly.",
m00697,07/08/2026 17:55:00,sms,Nathan Whitaker,"It's the end house on the left. Thanks for fitting us in last week, appreciated",
m00384,07/08/2026 18:36:00,voicemail,Sarah Beckett,oh hello what's the earliest you could do a bathroom refit? looking at october time ok cheers bye,
m00112,07/08/2026 18:39:00,sms,Chloe Nowak,"No rush at all on this one. Can't get any heating on, the thermostat is blank, changed the batteries and nothing Regards Chloe",
m01273,07/08/2026 18:45:00,sms,Marie Fenton,Are you VAT registered? Need it for the company books. No rush at all on this one. Cheers,routine
m00590,07/08/2026 19:18:00,sms,Amara Brooks,"Hi, Could I have a copy of the receipt for the work in June for my insurance - Amara",
m00539,07/08/2026 20:13:00,whatsapp,Karl Beckett,"Sorry to be a pain, is the engineer still coming Tuesday morning. New build, about 4 years old. Thanks Karl",
m00379,08/08/2026 07:48:00,sms,Priya O'Neill,"Afternoon, I've paid the invoice this morning, transfer reference is the invoice number. My husband is usually home by 4. Cheers",
m00879,08/08/2026 08:38:00,whatsapp,Terry Kerr,"Evening, Just wondering if you've had a chance to look at the quote for the bathroom yet. It's a Glow-worm, fairly old now.",
m00924,08/08/2026 09:14:00,voicemail,Priya Beckett,um could you price up moving the boiler from the kitchen to the loft it's a glow-worm fairly old now ok cheers bye,
m00824,08/08/2026 09:37:00,whatsapp,Kirsty Hargreaves,"Started yesterday evening. Hi, do you cover Farnborough? We're just off the Southampton Road",
m01043,08/08/2026 12:44:00,sms,Terry Kerr,Do you need someone in the house for the service or can I leave a key. I've got a baby so mornings are tricky. Terry at 61 Barrack Road,routine
m01097,08/08/2026 13:23:00,sms,Paula Lomax,"evening, morning, could you email over the quote again, i can't find it many thanks, paula lomax",
m01017,08/08/2026 14:46:00,sms,Amara Beckett,Is there a callout charge if it turns out to be nothing Regards Amara postcode is GU52 8AL,
m00975,08/08/2026 16:44:00,whatsapp,Debbie Vine,"Morning, Is there a callout charge if it turns out to be nothing Cheers it's 161 Queens Road Camberley",
m01340,08/08/2026 17:39:00,sms,Graham Whitaker,Just checking you got my email about teh extension pipework,
m00157,08/08/2026 17:39:00,whatsapp,Sarah Fenton,"can't get any heating on, the thermostat is blank, changed the batteries and nothing many thanks, sarah fenton",
m01363,08/08/2026 18:11:00,whatsapp,Danny Ellery,"HI THERE, CAN YOU SEND THE GAS SAFETY CERTIFICATE FOR 128 KESTREL RISE, THE LETTING AGENT IS ASKING FOR IT",
m01267,08/08/2026 18:31:00,sms,Donna Doyle,"The new thermostat is great thanks, much easier than the old one",routine
m00947,08/08/2026 19:08:00,whatsapp,Steve Hutchings,"Can I get a duplicate certificate for 102 Southampton Road, mine's gone missing",
m00328,09/08/2026 08:15:00,voicemail,Lisa Ellery,erm hello we've just bought 13 queens road and want to get the boiler checked over thanks bye,
m00126,09/08/2026 08:21:00,whatsapp,Jodie Grady,"Afternoon, The cold tap in the bathroom won't turn off properly, it's running quite fast - Jodie",
m01219,09/08/2026 10:23:00,sms,Dave O'Neill,"the new thermostat is great thanks, much easier than the old one thanks",routine
m00541,09/08/2026 11:22:00,sms,Steve Beckett,"HELLO, I'VE PAID THE INVOICE THIS MORNING, TRANSFER REFERENCE IS THE INVOICE NUMBER CHEERS",
m00490,09/08/2026 11:38:00,whatsapp,Sam Hutchings,"Evening, Can you send the gas safety certificate for 25 Fernhill Close, the letting agent is asking for it",
m00876,09/08/2026 13:14:00,whatsapp,Michelle O'Neill,"Oil fired, not gas. Hi, Are you VAT registered? Need it for the company books",
m00106,09/08/2026 14:07:00,sms,Paula Grady,"The immersion heater has stopped working, no hot water at all now",same_day
m01119,09/08/2026 19:46:00,whatsapp,Danny Radcliffe,"Hi there, Is it worth servicing a boiler that's 18 years old or should we replace it. It's a park home, not sure if that matters.",
m00707,09/08/2026 20:07:00,whatsapp,Paula Brooks,Just wondering if you've had a chance to look at the quote for the bathroom yet,routine
m01210,09/08/2026 20:27:00,sms,Michelle Whitaker,"Hello, Hello, we've just bought 69 Kestrel Rise and want to get the boiler checked over Thanks Michelle",
m01420,10/08/2026 07:35:00,whatsapp,Danny Ahmed,"is it worth servicing a boier that's 18 years old or should we replace it. the neighbours have a spare key. many thanks, danny ahmed",
m01401,10/08/2026 10:11:00,whatsapp,Ian Radcliffe,"Only noticed it this morning. Hi, Hi, do you cover Mytchett? We're just off the Farnborough Road Regards Ian",
m00246,10/08/2026 10:31:00,sms,Terry Nowak,The dog is friendly but he does bark. There's a hissing noise coming from the boiler and it smells hot,same_day
m00410,10/08/2026 10:38:00,whatsapp,Wes Kerr,"hello, i'd like to get on your list for a landlord gas safety check, property is 153 pinewood drive blackwater. whenever suits you really. regards wes",
m00087,10/08/2026 11:26:00,voicemail,Sarah Hargreaves,erm boiler keeps cutting out after about ten minutes then i have to reset it if you could give us a ring back that would be great,
m00271,10/08/2026 11:46:00,sms,Ryan Beckett,"It's a rental, I'm the landlord. There's a hissing noise coming from the boiler and it smells hot Many thanks, Ryan Beckett",
m01289,10/08/2026 12:40:00,whatsapp,Ian Brooks,"Hi, Do you take card payments on the day - Ian",
m01058,10/08/2026 13:00:00,whatsapp,Gemma Hargreaves,"Afternoon, I've paid the invoice this morning, transfer reference is the invoice number - Gemma",
m01458,10/08/2026 13:55:00,whatsapp,Louise Hargreaves,"Hi there, Job done at 124 Elm Grove, cert uploaded. It's a park home, not sure if that matters. Many thanks, Louise Hargreaves",
m01037,10/08/2026 14:01:00,whatsapp,Neil Bright,"OIL FIRED, NOT GAS. HI THERE, DO YOU INSTALL SMART THERMOSTATS LIKE NEST OR HIVE",
m00921,10/08/2026 14:12:00,sms,Karl Salter,Can I pay the invoice by bank transfer rather than card. My husband is usually home by 4. Thanks,
m00040,10/08/2026 15:13:00,whatsapp,Wes Whitaker,"Hi there, No heating and no hot water since last night and I've got a three week old baby in the house Cheers",emergency
m01070,10/08/2026 16:36:00,whatsapp,Danny Doyle,I work shifts so mornings are easier. How long does a full system flush usually take,routine
m01118,10/08/2026 18:06:00,voicemail,Yvonne Kerr,oh hello can i pay the invoice by bank transfer rather than card three storey townhouse boiler's on the top floor so yeah give me a call back when you can,routine
m01067,10/08/2026 19:01:00,whatsapp,Wes Nkemelu,We're both retired so any time works. Are you VAT registered? Need it for teh company books Thanks,
m00318,10/08/2026 19:54:00,sms,Karl Fenton,Any update on the quote for the new radiators? No rush Regards Karl,
m00296,10/08/2026 20:06:00,voicemail,Bev Brooks,erm the cold tap in the bathroom won't turn off properly it's running quite fast bungalow single storey [inaudible],
m01094,10/08/2026 20:50:00,sms,Louise Beckett,"System boiler with a cylinder in the airing cupboard. Thanks very much for yesterday, Wes was great, really tidy postcode is GU51 2BX",routine
m00473,10/08/2026 20:55:00,whatsapp,Hassan Doyle,"Hello, Could I have a copy of the receipt for the work in June for my insurance",routine
m00188,10/08/2026 20:58:00,whatsapp,Wes Ellery,"evening, boiler is leaking a small amount of water onto the floor, maybe an egg cup an hour many thanks, wes ellery",
m00259,11/08/2026 07:30:00,sms,Bev Fenton,"Can't get any heating on, the thermostat is blank, changed the batteries and nothing",
m01230,11/08/2026 08:06:00,sms,Trish Hutchings,"Hiya We're thinking about a new boier next spring, would you come and quote nearer the time",routine
m00649,11/08/2026 08:36:00,sms,Danny Salter,"hello, i've paid the invoice this morning, transfer reference is the invoice number many thanks, danny salter",
m01018,11/08/2026 09:08:00,sms,Bev Lomax,"Hello, Can you move Thursday's appointment to Friday if tehre's a slot. The dog is friendly but he does bark. Many thanks, Bev Lomax",
m00920,11/08/2026 09:27:00,voicemail,Graham Nowak,erm just checking you got my email about the extension pipework worcester bosch if that helps so yeah give me a call back when you can,
m00075,11/08/2026 10:07:00,whatsapp,Donna Doyle,"The immersion heater has stopped working, no hot water at all now Cheers",
m01173,11/08/2026 11:29:00,sms,Jan Kerr,Can you move Thursday's appointment to Friday if there's a slot - Jan,routine
m01001,11/08/2026 11:44:00,sms,Priya Hargreaves,"Hiya Please can you cancel Wednesday, we're away now. Sorry for the short notice Thanks Priya",
m01035,11/08/2026 12:10:00,whatsapp,Karl Grady,"Hi there, Can you move Thursday's appointment to Friday if there's a slot. Three storey townhouse, boiler's on the top floor. Cheers",routine
m00425,11/08/2026 12:31:00,whatsapp,Jan Hargreaves,"Hello, Any chance of a Saturday appointment, I can't do weekdays. We're both retired so any time works.",
m00190,11/08/2026 12:31:00,sms,Graham Grady,"Afternoon, No hot water since this morning, heating seems fine though",
m00377,11/08/2026 14:03:00,voicemail,Yvonne Radcliffe,hi yeah how long does a full system flush usually take access is round the side gate ok cheers bye,
m00537,11/08/2026 14:50:00,sms,Nathan Radcliffe,"Would you be able to look at an old Baxi or is it too far gone. It's a Vaillant, about 6 years old. - Nathan",
m01328,11/08/2026 15:42:00,whatsapp,Ian Grady,"Evening, Sorry to be a pain, is the engineer still coming Tuesday morning. New build, about 4 years old. Cheers",
m00868,11/08/2026 15:46:00,whatsapp,Priya Hutchings,"Sorry to be a pain, is the engineer still coming Tuesday morning. I'm usually in after 3. Regards Priya",
m00572,11/08/2026 17:44:00,whatsapp,Lisa Ahmed,"Evening, Please can you cancel Wednesday, we're away now. Sorry for the short notice Lisa at 22 Victoria Street",
m01377,11/08/2026 17:53:00,whatsapp,Tony Bright,"It's an Ideal Logic, installed by yourselves. How long does a full system flush usually take",
m01494,11/08/2026 18:45:00,sms,Sarah Brooks,Hiya We can help you claim for your recent accident. Reply STOP to opt out Sarah at 93 Pinewood Drive,
m00152,12/08/2026 07:38:00,whatsapp,Lisa Beckett,"It's an Ideal Logic, installed by yourselves. Waste pipe outside is blocked and it's backing up into the sink",
m00184,12/08/2026 08:13:00,whatsapp,Amara Doyle,"HELLO, RADIATOR IN THE FRONT ROOM IS LEAKING SLOWLY, I'VE GOT A BOWL UNDER IT FOR NOW. IT'S A GLOW-WORM, FAIRLY OLD NOW.",
m00580,12/08/2026 08:29:00,voicemail,Ade Hargreaves,oh hello can i pay the invoice by bank transfer rather than card thanks bye,
m01179,12/08/2026 09:28:00,sms,Debbie Whitaker,"Hiya Hello, we've just bought 56 Mill Lane and want to get the boiler checked over",routine
m01153,12/08/2026 09:34:00,voicemail,Louise O'Neill,yeah hi hi do you cover ash vale? we're just off the mill lane my number is 07816 557949,
m00563,12/08/2026 10:41:00,whatsapp,Michelle Salter,"Evening, Can you add my new address to your records, we've moved to 5 Kestrel Rise Mytchett GU17 9BB. Bungalow, single storey. Thanks Michelle",routine
m00370,12/08/2026 11:47:00,whatsapp,Donna Nkemelu,Hiya What's the earliest you could do a bathroom refit? Looking at October time,
m01157,12/08/2026 14:16:00,whatsapp,Terry Grady,"Hi, Can you add my new address to your records, we've moved to 122 Mill Lane Aldershot GU52 8AL. Access is round the side gate. Terry at 162 Kestrel Rise",
m00043,12/08/2026 14:51:00,sms,Karl Nkemelu,"Hi, Mum is 89 and there is no heating at all, the house is freezing and she's not well. Please can someone come out - Karl",emergency
m00546,12/08/2026 18:07:00,whatsapp,Kirsty Nkemelu,"Are you able to service a Worcester Greenstar or is it only certain makes. It's a Vaillant, about 6 years old. Thanks Kirsty",routine
m01128,12/08/2026 18:07:00,whatsapp,Owen Kerr,"hi there, i've paid the invoice this morning, transfer reference is the invoice number. it's an ideal logic, installed by yourselves. postcode is GU14 7HD",
m00854,12/08/2026 18:09:00,whatsapp,Nathan Brooks,Hiya Could I have a copy of the receipt for the work in June for my insurance Cheers,
m00376,12/08/2026 20:13:00,voicemail,Barry Grady,um hi could i book the annual boiler service please? any time next week would be fine my number is 07306436816,
m01057,12/08/2026 20:14:00,voicemail,Wes Kerr,right hello i'd like to get on your list for a landlord gas safety check property is 63 cranmore road church crookham ideally before the weekend if possible [inaudible] my number is 07193 599035,
m00895,12/08/2026 20:28:00,whatsapp,Louise Whitaker,Do you need someone in the house for the service or can I leave a key. Only noticed it this morning.,routine
m00406,12/08/2026 20:40:00,whatsapp,Marie Whitaker,"Morning, Morning, could you email over the quote again, I can't find it",
m00619,12/08/2026 20:44:00,sms,Hassan Bright,"Evening, Is it worth servicing a boiler that's 18 years old or should we replace it. The dog is friendly but he does bark.",
m01493,12/08/2026 20:52:00,whatsapp,Michelle Radcliffe,urgent: your parcel is held pending an unpaid customs fee of gbp 2.99. confirm here: hxxp://rm-delivery-uk.co/redeliver michelle at 44 cobb close my numbers 07319 060814,
m00245,13/08/2026 07:16:00,whatsapp,Nathan Beckett,"Combi boiler, in the kitchen. Radiator in the bathroom is leaking slowly, I've got a bowl under it for now",
m01310,13/08/2026 07:25:00,sms,Ade Ellery,"Hello, Please could you confirm the appointment time for Monday, I need to book time off. Flat 3, buzzer doesn't work so ring me when you're outside.",
m00243,13/08/2026 07:30:00,whatsapp,Ade Radcliffe,Hiya Toilet won't flush at all and it's the only one in the house Cheers,
m00395,13/08/2026 09:56:00,whatsapp,Louise Patel,"Evening, The new thermostat is great thanks, much easier than the old one. I work shifts so mornings are easier. - Louise",
m01290,13/08/2026 10:31:00,whatsapp,Bev Ellery,"Afternoon, Are you able to service a Worcester Greenstar or is it only certain makes. Been like it a couple of weeks now. Regards Bev",
m01083,13/08/2026 11:11:00,voicemail,Jodie Whitaker,right hello we've just bought 3 kestrel rise and want to get the boiler checked over ok cheers bye,
m00280,13/08/2026 11:44:00,whatsapp,Gemma Kerr,"Morning, Kitchen sink is completely blocked, water won't go anywhere Cheers",
m00992,13/08/2026 15:09:00,whatsapp,Terry Brooks,"Evening, Can you add my new address to your records, we've moved to 113 Queens Road Frimley GU52 8AL",
m01336,13/08/2026 15:20:00,sms,Tony Kerr,"Can you add my new address to your records, we've moved to 8 Victoria Street Sandhurst GU15 3EE. Property is a two bed terrace. Thanks Tony",
m00148,13/08/2026 16:32:00,voicemail,Bev Hargreaves,right kitchen sink is completely blocked water won't go anywhere [inaudible],same_day
m00770,13/08/2026 17:39:00,whatsapp,Marie O'Neill,"Hiya Hello, I'd like to get on your list for a landlord gas safety check, property is 130 Farnborough Road Frimley Cheers",
m01105,13/08/2026 20:05:00,voicemail,Louise Brooks,hi yeah do you take card payments on the day if you could give us a ring back that would be great,
m00519,13/08/2026 20:36:00,whatsapp,Wes Nowak,"Morning, I've paid the invoice this morning, transfer reference is the invoice number. The dog is friendly but he does bark. Thanks Wes",
m00371,13/08/2026 20:51:00,sms,Steve Whitaker,"Hi, Are you VAT registered? Need it for the company books Regards Steve",
m00949,14/08/2026 07:35:00,whatsapp,Tony Whitaker,"Access is round the side gate. Hi, We're thinking about a new boiler next spring, would you come and quote nearer the time Many thanks, Tony Whitaker",
m01303,14/08/2026 07:51:00,whatsapp,Callum Vine,"Evening, Do you take card payments on the day Many thanks, Callum Vine",
m00125,14/08/2026 08:10:00,whatsapp,Paula Vine,"Hello, Boiler is showing fault code F28, I've tried resetting it twice and it comes straight back Many thanks, Paula Vine",
m00094,14/08/2026 08:42:00,voicemail,Wes Beckett,hello there pressure gauge on the boiler is on zero and it won't fire up,same_day
m01222,14/08/2026 09:43:00,sms,Nathan Nkemelu,"Afternoon, Sorry to be a pain, is the engineer still coming Tuesday morning. System boiler with a cylinder in the airing cupboard.",
m00925,14/08/2026 13:13:00,sms,Dave Nowak,"Hi, could I book the annual boiler service please? Any time next week would be fine. It's an Ideal Logic, installed by yourselves. - Dave",
m00507,14/08/2026 14:45:00,voicemail,Nicola Patel,yeah hi hi there do you install smart thermostats like nest or hive three storey townhouse boiler's on the top floor if you could give us a ring back that would be great,
m01062,14/08/2026 15:46:00,whatsapp,Sam Fenton,"Hi, My tenant says the radiator valve is stiff, not urgent, whenever you're passing Cheers",
m01339,14/08/2026 16:02:00,sms,Nicola Lomax,"Afternoon, Can you move Thursday's appointment to Friday if there's a slot. The stopcock is under the sink. Nicola at 27 Fernhill Close",routine
m00584,14/08/2026 16:04:00,voicemail,Neil Hutchings,right hello i'd like to get on your list for a landlord gas safety check property is 136 barrack road fleet it's a park home not sure if that matters [inaudible] my number is 07567 134747,
m00893,14/08/2026 16:42:00,sms,Barry Nkemelu,"Morning, could you email over the quote again, I can't find it. There's parking on the drive. Many thanks, Barry Nkemelu",
m00337,14/08/2026 17:19:00,whatsapp,Priya Vine,"We're thinking about a new boiler next spring, would you come and quote nearer the time Many thanks, Priya Vine",
m00568,14/08/2026 20:22:00,voicemail,Marie Grady,hi yeah any update on the quote for the new radiators? no rush it's the one in the loft ok cheers bye,
m01026,14/08/2026 20:29:00,voicemail,Steve Beckett,hi yeah can you quote for an outside tap and a garden standpipe [inaudible],routine
m00083,15/08/2026 07:01:00,voicemail,Steve Grady,right boiler is showing fault code f28 i've tried resetting it twice and it comes straight back access is round the side gate my number is 07921 353149,
m00629,15/08/2026 09:28:00,whatsapp,Marie O'Neill,"Evening, Are you able to service a Worcester Greenstar or is it only certain makes. We're in all week apart from Wednesday.",routine
m00048,15/08/2026 09:48:00,sms,Bev Grady,There's a hissing noise coming from the boiler and it smells hot,same_day
m01334,15/08/2026 11:13:00,voicemail,Sarah Nowak,right are you able to service a worcester greenstar or is it only certain makes there's parking on the drive my number is 01252 616945,
m00420,15/08/2026 11:16:00,voicemail,Ryan O'Neill,hi yeah the certificate you sent has last year's date on it could you check it's an ideal logic installed by yourselves,
m00901,15/08/2026 11:42:00,whatsapp,Trish Patel,"Been like it a couple of weeks now. Hello, Do you need someone in the house for the service or can I leave a key",
m00340,15/08/2026 12:34:00,whatsapp,Danny Doyle,"Afternoon, Can you add my new address to your records, we've moved to 147 Alexandra Terrace Farnborough GU12 4RW Thanks ring me on 07235895928",
m01151,15/08/2026 12:47:00,sms,Graham O'Neill,Do you take card payments on the day Cheers,routine
m00231,15/08/2026 13:38:00,sms,Michelle Vine,"Morning, Pressure gauge on the boiler is on zero and it won't fire up Thanks Michelle",same_day
m00704,15/08/2026 15:07:00,whatsapp,Callum Radcliffe,"Morning, Just wanted to say the lads did a lovely job on the bathroom, thank you Cheers",
m00646,15/08/2026 15:22:00,whatsapp,Jodie Salter,Could I have a copy of the receipt for the work in June for my insurance Regards Jodie,routine
m00724,15/08/2026 17:40:00,sms,Jodie Hargreaves,"Sorry to be a pain, is the engineer still coming Tuesday morning. Oil fired, not gas. - Jodie",
m01375,15/08/2026 17:43:00,whatsapp,Marie Kerr,do you offer any kind of service plan or is it pay as you go regards marie,
m00689,15/08/2026 17:51:00,sms,Mo Hargreaves,Only noticed it this morning. What are your prices for a standard service these days Thanks,routine
m00567,15/08/2026 18:02:00,whatsapp,Ade O'Neill,"Invoice 4132 - is that figure including VAT or not Many thanks, Ade O'Neill",
m00556,15/08/2026 18:09:00,whatsapp,Hassan Vine,"Whenever suits you really. Hiya Can I get a duplicate certificate for 176 Brockhurst Way, mine's gone missing - Hassan",
m00396,15/08/2026 19:30:00,sms,Nathan Grady,"Hi there, Just wondering if you've had a chance to look at the quote for the bathroom yet",routine
m00294,15/08/2026 20:58:00,sms,Donna Hutchings,"Hello, Boiler is showing fault code C1, I've tried resetting it twice and it comes straight back. New build, about 4 years old. - Donna",
m01240,16/08/2026 10:38:00,whatsapp,Yvonne Nowak,Do you fit unvented cylinders? I'm getting a few quotes in,
m01138,16/08/2026 10:39:00,voicemail,Ross Ellery,um thanks for fitting us in last week appreciated it's the end house on the left [inaudible],
m00444,16/08/2026 11:29:00,voicemail,Ryan Lomax,yeah hi is it worth servicing a boiler that's 18 years old or should we replace it it's an ideal logic installed by yourselves thanks bye,
m00726,16/08/2026 13:00:00,whatsapp,Sam Ahmed,"AFTERNOON, DO YOU NEED SOMEONE IN THE HOUSE FOR THE SERVICE OR CAN I LEAVE A KEY THANKS postcode is GU11 3PQ",
m00215,16/08/2026 13:29:00,voicemail,Sam Lomax,oh hello outside tap has split and it's running i've had to turn the mains off to stop it [inaudible],
m01133,16/08/2026 15:39:00,whatsapp,Bev Nkemelu,"Afternoon, Just wondering if you've had a chance to look at the quote for the bathroom yet Thanks",routine
m01161,16/08/2026 16:40:00,voicemail,Callum Brooks,right thanks very much for yesterday ross was great really tidy so yeah give me a call back when you can,
m00403,16/08/2026 17:23:00,sms,Amara Ellery,"we're both retired so any time works. hi, any update on the quote for the new radiators? no rush",
m01326,16/08/2026 17:48:00,voicemail,Jodie Radcliffe,hello there the certificate you sent has last year's date on it could you check i'm the tenant the landlord said to contact you directly,
m00976,16/08/2026 18:40:00,voicemail,Danny Ahmed,yeah hi could i have a copy of the receipt for the work in june for my insurance,routine
m00698,16/08/2026 18:55:00,whatsapp,Michelle Nkemelu,"Morning, Any update on the quote for the new radiators? No rush. Three storey townhouse, boiler's on the top floor. Thanks Michelle",
m00841,17/08/2026 07:50:00,sms,Tony Nkemelu,"Afternoon, Any update on the quote for the new radiators? No rush",
m01299,17/08/2026 09:02:00,sms,Donna Grady,"Evening, The certificate you sent has last year's date on it, could you check Thanks",routine
m01350,17/08/2026 11:56:00,voicemail,Debbie Brooks,hi yeah what are your prices for a standard service these days worcester bosch if that helps so yeah give me a call back when you can,routine
m00470,17/08/2026 12:37:00,whatsapp,Barry Patel,"Hiya I've paid the invoice this morning, transfer reference is the invoice number. We're both retired so any time works. Many thanks, Barry Patel",
m00013,17/08/2026 13:11:00,sms,Ade Bright,"Radiator pipe has burst upstairs, water coming through the ceiling downstairs, I've turned the water off but it's still coming. It's a rental, I'm the landlord. Cheers it's 12 Barrack Road Aldershot",emergency
m01508,17/08/2026 13:16:00,whatsapp,Yvonne Nowak,Do you fit unvented cylinders? I'm getting a few quotes in Just chasing this one up,
m01277,17/08/2026 14:22:00,voicemail,Tony Ahmed,um thanks very much for yesterday callum was great really tidy started yesterday evening [inaudible] thanks bye,
m00852,17/08/2026 14:42:00,sms,Debbie Doyle,Hiya Invoice 4096 - is that figure including VAT or not. Happy to be a fill-in if you get a cancellation. Debbie at 5 Fernhill Close,
m00617,17/08/2026 15:30:00,sms,Terry Ahmed,"Hi there, do you install smart thermostats like Nest or Hive. Ideally before the weekend if possible.",routine
m00225,17/08/2026 15:33:00,whatsapp,Ryan Fenton,"Afternoon, Loo is running constantly into the pan, been going all night",
m01335,17/08/2026 15:42:00,voicemail,Nathan Hutchings,erm invoice 3909 - is that figure including vat or not so yeah give me a call back when you can,routine
m01005,17/08/2026 15:58:00,voicemail,Graham Grady,oh hello do you need someone in the house for the service or can i leave a key [inaudible] if you could give us a ring back that would be great,
m00610,17/08/2026 16:00:00,sms,Fiona O'Neill,"We'd like to go ahead with the quote, what's the next step Thanks",
m00469,17/08/2026 16:40:00,whatsapp,Neil Hargreaves,"Evening, Sorry to be a pain, is the engineer still coming Tuesday morning Cheers",routine
m00575,17/08/2026 16:40:00,whatsapp,Sarah Hargreaves,"hello, can you add my new address to your records, we've moved to 66 victoria street camberley gu17 9bb. only noticed it this morning. sarah at 12 hazel court",routine
m00897,17/08/2026 18:09:00,sms,Ade Patel,Any update on the quote for the new radiators? No rush. Same address as last time.,
m00944,17/08/2026 18:45:00,whatsapp,Karl Vine,"Hi, Can you send the gas safety certificate for 16 Hazel Court, the letting agent is asking for it Regards Karl",
m01265,17/08/2026 19:32:00,voicemail,Kirsty Ellery,hi yeah please can you cancel wednesday we're away now sorry for the short notice [inaudible],
m00352,17/08/2026 19:50:00,whatsapp,Hassan Grady,"Evening, I've paid the invoice this morning, transfer reference is the invoice number. Whenever suits you really. Cheers",
m01352,17/08/2026 19:56:00,sms,Mo Nowak,"I work shifts so mornings are easier. Morning, Do you need someone in the house for the service or can I leave a key",
m00860,17/08/2026 20:38:00,sms,Danny Fenton,"It's a park home, not sure if that matters. Hi there, Do you take card payments on the day - Danny",routine
m01141,18/08/2026 08:10:00,voicemail,Tony Patel,erm the certificate you sent has last year's date on it could you check so yeah give me a call back when you can,routine
m01509,18/08/2026 09:23:00,whatsapp,Yvonne Nowak,"Sorry, sent this yesterday and heard nothing. Do you fit unvented cylinders? I'm getting a few quotes in",
m00898,18/08/2026 10:49:00,sms,Amara Whitaker,"Evening, Could you price up moving the boiler from the kitchen to the loft Many thanks, Amara Whitaker",
m00272,18/08/2026 10:51:00,whatsapp,Barry Nowak,"Evening, There's a hissing noise coming from the boiler and it smells hot",
m01027,18/08/2026 11:50:00,sms,Fiona Hutchings,Can I pay the invoice by bank transfer rather than card Thanks Fiona,routine
m01085,18/08/2026 12:09:00,sms,Sarah Brooks,"Do you do power flushing? House is 1970s and the rads are never hot at the bottom. Combi boiler, in the kitchen. - Sarah",
m00423,18/08/2026 12:10:00,whatsapp,Donna Radcliffe,Do you do power flushing? House is 1970s and the rads are never hot at the bottom,routine
m00255,18/08/2026 12:12:00,sms,Graham Ahmed,"Hiya Radiator in the hallway is leaking slowly, I've got a bowl under it for now Thanks Graham",
m00133,18/08/2026 12:37:00,whatsapp,Karl O'Neill,"KITCHEN SINK IS COMPLETELY BLOCKED, WATER WON'T GO ANYWHERE. IT'S A GLOW-WORM, FAIRLY OLD NOW.",
m01425,18/08/2026 13:15:00,whatsapp,Michelle Grady,"hi, any chance of a saturday appointment, i can't do weekdays. Property is 166 Brockhurst Way, Church Crookham, GU14 6AZ - the key safe code is 4471 if we're out",
m00831,18/08/2026 13:30:00,sms,Graham Bright,"Evening, Just checking you got my email about the extension pipework Thanks ring me on 07093006998",routine
m00429,18/08/2026 14:04:00,whatsapp,Callum Doyle,"Afternoon, Can you send the gas safety certificate for 34 Hazel Court, the letting agent is asking for it. Property is a two bed terrace. Many thanks, Callum Doyle",
m00460,18/08/2026 15:14:00,whatsapp,Neil Kerr,"i work shifts so mornings are easier. morning, are you able to service a worcester greenstar or is it only certain makes",
m00516,18/08/2026 17:06:00,whatsapp,Sarah Grady,"Could I have a copy of the receipt for the work in June for my insurance. Oil fired, not gas. Sarah at 89 Southampton Road",
m00989,18/08/2026 17:07:00,voicemail,Karl Nowak,erm can i get a duplicate certificate for 138 barrack road mine's gone missing ok cheers bye,
m00202,18/08/2026 17:47:00,sms,Jan Fenton,"There's parking on the drive. Hiya Can't get any heating on, the thermostat is blank, changed the batteries and nothing",
m00864,18/08/2026 17:58:00,sms,Mo Brooks,"Morning, could you email over teh quote again, I can't find it. Worcester Bosch if that helps.",
m00413,18/08/2026 20:35:00,whatsapp,Yvonne Doyle,"Morning, Is it worth servicing a boiler that's 18 years old or should we replace it Thanks",
m00354,19/08/2026 07:32:00,sms,Gemma Doyle,"Hi there, Do you do power flushing? House is 1970s and the rads are never hot at the bottom - Gemma",
m00353,19/08/2026 10:05:00,sms,Lisa Vine,i'm usually in after 3. hiya do you offer any kind of service plan or is it pay as you go,routine
m00768,19/08/2026 10:22:00,sms,Kirsty O'Neill,"Hi, Hi, do you cover Blackwater? We're just off the Wellington Ave. I'm the tenant, the landlord said to contact you directly. Cheers",routine
m01163,19/08/2026 10:26:00,whatsapp,Danny Patel,"Hi, Hello, I'd like to get on your list for a landlord gas safety check, property is 35 Kestrel Rise Aldershot. It's a Glow-worm, fairly old now. Many thanks, Danny Patel",routine
m00086,19/08/2026 10:38:00,voicemail,Jan Radcliffe,erm heating is on but the radiators are stone cold upstairs [inaudible] if you could give us a ring back that would be great,
m00177,19/08/2026 12:19:00,voicemail,Hassan Hargreaves,erm no hot water since this morning heating seems fine though [inaudible],
m01016,19/08/2026 14:25:00,whatsapp,Karl Hutchings,"Hi there, Is it worth servicing a boiler that's 18 years old or should we replace it",routine
m00428,19/08/2026 14:33:00,sms,Tony Kerr,"Hi, Just wanted to say the lads did a lovely job on the bathroom, thank you Tony at 65 Queens Road my numbers 07690 215949",routine
m01158,19/08/2026 14:55:00,whatsapp,Barry Hargreaves,"Hello, Please can you cancel Wednesday, we're away now. Sorry for the short notice",routine
m01374,19/08/2026 15:19:00,whatsapp,Sarah Salter,"Evening, Do you offer any kind of service plan or is it pay as you go. I'm usually in after 3.",
m01535,19/08/2026 15:32:00,whatsapp,Ryan Fenton,"Afternoon, Loo is running constantly into the pan, been going all night Just chasing this one up",
m01417,19/08/2026 15:34:00,sms,Michelle Nowak,"Hello, Could I have a copy of the receipt for the work in June for my insurance",
m00249,19/08/2026 15:47:00,whatsapp,Jodie Nkemelu,"Kitchen sink is completely blocked, water won't go anywhere",
m00278,19/08/2026 17:12:00,whatsapp,Danny Ahmed,Toilet won't flush at all and it's the only one in the house Cheers,
m00680,19/08/2026 17:30:00,whatsapp,Amara Bright,Hiya Invoice 4109 - is that figure including VAT or not Amara at 39 Victoria Street,
m00758,19/08/2026 19:54:00,voicemail,Barry Bright,um any update on the quote for the new radiators? no rush [inaudible] ok cheers bye,routine
m01259,19/08/2026 20:41:00,whatsapp,Dave Patel,"I've paid the invoice this morning, transfer reference is the invoice number Thanks",routine
m00024,20/08/2026 07:57:00,sms,Michelle Patel,"Oil fired, not gas. Mum is 89 and there is no heating at all, the house is freezing and she's not well. Please can someone come out Many thanks, Michelle Patel",
m01481,20/08/2026 08:37:00,sms,Karl Ellery,"HELLO, CAN YOU SEND ME THE ADDRESS FOR THIS AFTERNOON, IT'S NOT ON MY PHONE. WE HAD YOU OUT FOR THE SAME THING IN MARCH.",
m00452,20/08/2026 08:39:00,voicemail,Lisa Ellery,yeah hi thanks very much for yesterday callum was great really tidy my number is 01252 092724,
m01323,20/08/2026 09:21:00,sms,Kirsty Bright,"Hello, I'd like to get on your list for a landlord gas safety check, property is 126 Barrack Road Ash Vale Thanks Kirsty",
m01029,20/08/2026 11:11:00,sms,Wes Doyle,"Morning, Thanks very much for yesterday, Barry was great, really tidy. Bungalow, single storey. Many thanks, Wes Doyle",
m00615,20/08/2026 11:20:00,whatsapp,Kirsty Whitaker,"Hello, we've just bought 26 Brockhurst Way and want to get the boiler checked over Cheers",routine
m00221,20/08/2026 12:15:00,whatsapp,Jan O'Neill,"Hello, Toilet won't flush at all and it's the only one in the house Many thanks, Jan O'Neill postcode is GU52 6PR",same_day
m00355,20/08/2026 14:40:00,sms,Priya Whitaker,"Evening, Can you quote for an outside tap and a garden standpipe - Priya",routine
m00684,20/08/2026 15:06:00,sms,Kirsty O'Neill,"Hi there, Is there a callout charge if it turns out to be nothing",
m00753,20/08/2026 16:43:00,sms,Wes Whitaker,"The certificate you sent has last year's date on it, could you check Thanks",
m00875,20/08/2026 17:51:00,sms,Priya Hargreaves,"Morning, Can I get a duplicate certificate for 178 Fernhill Close, mine's gone missing Regards Priya",
m00166,20/08/2026 17:55:00,whatsapp,Barry Radcliffe,"Hi there, Shower has gone completely cold, can't use it at all. Any chance of someone today. It's an Ideal Logic, installed by yourselves.",
m01437,21/08/2026 08:58:00,voicemail,Dave Fenton,yeah hi thanks very much for yesterday wes was great really tidy i'm usually in after 3 thanks bye,
m00561,21/08/2026 09:24:00,whatsapp,Sarah Grady,"Afternoon, How long does a full system flush usually take Regards Sarah",
m00382,21/08/2026 10:03:00,whatsapp,Wes Beckett,"Do you take card payments on the day. It's an Ideal Logic, installed by yourselves. Wes at 163 Wellington Ave",
m00154,21/08/2026 10:18:00,whatsapp,Bev Radcliffe,"Hello, Toilet won't flush at all and it's the only one in the house",
m01197,21/08/2026 11:26:00,voicemail,Jan Kerr,erm could i have a copy of the receipt for the work in june for my insurance flat 3 buzzer doesn't work so ring me when you're outside [inaudible] thanks bye,
m00515,21/08/2026 11:29:00,voicemail,Nicola Hargreaves,oh hello can you move thursday's appointment to friday if there's a slot thanks bye,
m00408,21/08/2026 11:31:00,voicemail,Marie O'Neill,hello there we'd like to go ahead with the quote what's the next step we're in all week apart from wednesday so yeah give me a call back when you can,routine
m00164,21/08/2026 12:42:00,voicemail,Karl Nowak,erm radiator in the front room is leaking slowly i've got a bowl under it for now [inaudible],same_day
m00295,21/08/2026 13:07:00,sms,Karl Salter,"Afternoon, Can't get any heating on, the thermostat is blank, changed the batteries and nothing. There's a key safe if we're out.",same_day
m01344,21/08/2026 13:21:00,sms,Trish Hutchings,"PLEASE DON'T CALL BEFORE 9, I DO NIGHTS. EVENING, JUST WANTED TO SAY THE LADS DID A LOVELY JOB ON THE BATHROOM, THANK YOU",
m00127,21/08/2026 13:51:00,whatsapp,Trish Bright,"Afternoon, Shower has gone completely cold, can't use it at all. Any chance of someone today. There's parking on the drive. Thanks",
m00951,21/08/2026 15:16:00,whatsapp,Ade O'Neill,The neighbours have a spare key. Could you price up moving the boiler from the kitchen to the loft,
m00250,21/08/2026 15:44:00,voicemail,Louise Hargreaves,hello there pressure gauge on the boiler is on zero and it won't fire up,
m00710,21/08/2026 17:05:00,whatsapp,Priya Bright,"Hi, Hi, do you cover Farnborough? We're just off the Victoria Street. We had you out for the same thing in March. Priya at 35 Hazel Court",routine
m00078,21/08/2026 18:36:00,voicemail,Danny Fenton,right toilet won't flush at all and it's the only one in the house [inaudible],
m00311,21/08/2026 20:20:00,whatsapp,Mo Kerr,"Hello, Would you be able to look at an old Baxi or is it too far gone. Combi boiler, in the kitchen. Regards Mo",
m00158,21/08/2026 20:24:00,voicemail,Ryan Whitaker,oh hello heating is on but the radiators are stone cold upstairs,routine
m01426,22/08/2026 07:24:00,whatsapp,Callum Beckett,"Hello, Just checking you got my email about the extension pipework Thanks Callum ring me on 01252 493484",routine
m01034,22/08/2026 09:45:00,sms,Jan Ahmed,"evening, how long does a full system flush usually take. the neighbours have a spare key.",
m00501,22/08/2026 09:49:00,voicemail,Trish Patel,hello there any chance of a saturday appointment i can't do weekdays my husband is usually home by 4 ok cheers bye,routine
m00835,22/08/2026 11:32:00,whatsapp,Fiona Radcliffe,"Morning, Could you price up moving the boiler from the kitchen to the loft - Fiona",
m00448,22/08/2026 11:40:00,whatsapp,Jan Ahmed,Hiya Are you able to service a Worcester Greenstar or is it only certain makes. Only noticed it this morning. Thanks Jan,
m01466,22/08/2026 11:54:00,whatsapp,Jodie Kerr,"Hello, Customer at 45 Queens Road wants to pay cash, is that ok. It's the flat above the shop.",routine
m00834,22/08/2026 14:31:00,whatsapp,Dave Hutchings,"Hi there, Invoice 4152 - is that figure including VAT or not. Oil fired, not gas. Thanks Dave",
m00031,22/08/2026 14:40:00,voicemail,Owen Whitaker,erm strong smell of gas in the cupboard under the stairs i've turned it off at the meter please ring me back so yeah give me a call back when you can,
m00308,22/08/2026 14:42:00,sms,Hassan Whitaker,"Afternoon, Can't get any heating on, the thermostat is blank, changed the batteries and nothing Regards Hassan",
m01430,22/08/2026 15:19:00,whatsapp,Donna Grady,"Evening, We're thinking about a new boiler next spring, would you come and quote nearer the time - Donna",
m01357,22/08/2026 16:00:00,sms,Owen Whitaker,"We'd like to go ahead with the quote, what's the next step - Owen my numbers 01252 274043",
m00323,22/08/2026 16:54:00,sms,Dave Whitaker,"Property is a two bed terrace. Can you send the gas safety certificate for 49 Mill Lane, the letting agent is asking for it Cheers",routine
m00894,22/08/2026 17:07:00,whatsapp,Yvonne Salter,"hi there, would you be able to look at an old baxi or is it too far gone yvonne at 57 victoria street",
m00435,22/08/2026 18:12:00,whatsapp,Ade Lomax,Hiya Do you need someone in the house for the service or can I leave a key Thanks it's 62 Cranmore Road Sandhurst,
m00175,22/08/2026 18:48:00,whatsapp,Ryan Ahmed,"Morning, Pressure gauge on teh boiler is on zero and it won't fire up - Ryan",
m01220,22/08/2026 18:48:00,sms,Sarah Fenton,"hi, do you cover farnborough? we're just off teh st anns way regards sarah",routine
m01056,22/08/2026 19:03:00,whatsapp,Ryan Salter,"hello, we'd like to go ahead with the quote, what's the next step. been like it a couple of weeks now. thanks",
m00009,22/08/2026 19:53:00,whatsapp,Owen Salter,"Evening, Toilet is overflowing and it's sewage, it's going into the hallway carpet ring me on 07498595256",
m00495,22/08/2026 19:59:00,whatsapp,Danny Grady,"Hi, Sorry to be a pain, is the engineer still coming Tuesday morning",
m00760,22/08/2026 20:05:00,whatsapp,Danny Grady,"Evening, Any chance of a Saturday appointmnet, I can't do weekdays Thanks",
m00270,22/08/2026 20:18:00,whatsapp,Chloe Whitaker,Only noticed it this morning. Toilet won't flush at all and it's the only one in the house,same_day
m01312,22/08/2026 20:56:00,voicemail,Lisa Nowak,erm hello we've just bought 103 elm grove and want to get the boiler checked over [inaudible] thanks bye,routine